1st Century Bancshares Inc (FCTY) ,FCTY,73840000, 10/28/2015 , Sep 2015 , $0.09 , 1 , $0.09 ,0%
Acco Brands Corporation (ACCO) ,ACCO,858500000, 10/28/2015 , Sep 2015 , $0.27 , 3 , $0.28 ,3.7%
Affymetrix Inc. (AFFX) ,AFFX,735700000, 10/28/2015 , Sep 2015 , $0.07 , 6 , $0.1 ,42.86%
AGCO Corporation (AGCO) ,AGCO,4220000000, 10/28/2015 , Sep 2015 , $0.48 , 7 , $0.77 ,60.42%
Agnico Eagle Mines Limited (AEM) ,AEM,6150000000, 10/28/2015 , Sep 2015 , $0 , 9 , $0.16 ,∞%
Alliance Fiber Optic Products Inc. (AFOP) ,AFOP,243830000, 10/28/2015 , Sep 2015 , $0.36 , 1 , $0.2 ,-44.44%
American Capital Mortgage Investment Corp. (MTGE) ,MTGE,742800000, 10/28/2015 , Sep 2015 , $0.46 , 4 , $0.48 ,4.35%
American Railcar Industries Inc. (ARII) ,ARII,1230000000, 10/28/2015 , Sep 2015 , $1.41 , 5 , $1.38 ,-2.13%
AMERISAFE Inc. (AMSF) ,AMSF,1040000000, 10/28/2015 , Sep 2015 , $0.85 , 2 , $0.94 ,10.59%
Amgen Inc. (AMGN) ,AMGN,119940000000, 10/28/2015 , Sep 2015 , $2.38 , 11 , $2.72 ,14.29%
Anchor Bancorp (ANCB) ,ANCB,60690000, 10/28/2015 , Sep 2015 , $0.14 , 1 , $0.14 ,0%
Anika Therapeutics Inc. (ANIK) ,ANIK,563630000, 10/28/2015 , Sep 2015 , $0.34 , 3 , $0.55 ,61.76%
Antero Midstream Partners LP (AM) ,AM,4190000000, 10/28/2015 , Sep 2015 , $0.11 , 5 , $0.23 ,109.09%
Antero Resources Corporation (AR) ,AR,6530000000, 10/28/2015 , Sep 2015 , $-0.06 , 2 , $-0.01 ,-83.33%
Anthem Inc. (ANTM) ,ANTM,36330000000, 10/28/2015 , Sep 2015 , $2.33 , 12 , $2.73 ,17.17%
Apollo Global Management LLC (APO) ,APO,7220000000, 10/28/2015 , Sep 2015 , $-0.09 , 7 , $0.26 ,-388.89%
Applied Industrial Technologies Inc. (AIT) ,AIT,1640000000, 10/28/2015 , Sep 2015 , $0.68 , 3 , $0.61 ,-10.29%
Arch Capital Group Ltd. (ACGL) ,ACGL,9170000000, 10/28/2015 , Sep 2015 , $0.98 , 8 , $1.01 ,3.06%
ARI Network Services Inc. (ARIS) ,ARIS,62390000, 10/28/2015 , Jul 2015 , $0.02 , 2 , $0.02 ,0%
ARRIS Group Inc. (ARRS) ,ARRS,4139999000, 10/28/2015 , Sep 2015 , $0.5 , 1 , $0.49 ,-2%
Arrow Electronics Inc. (ARW) ,ARW,5140000000, 10/28/2015 , Sep 2015 , $1.47 , 5 , $1.4 ,-4.76%
Astoria Financial Corporation (AF) ,AF,1610000000, 10/28/2015 , Sep 2015 , $0.16 , 7 , $0.17 ,6.25%
Atlantic Coast Financial Corporation (ACFC) ,ACFC,94920000, 10/28/2015 , Sep 2015 , $0.09 , 1 , $0.07 ,-22.22%
Atlantic Tele-Network Inc. (ATNI) ,ATNI,1250000000, 10/28/2015 , Sep 2015 , $0.57 , 2 , $0.41 ,-28.07%
Atmel Corporation (ATML) ,ATML,3180000000, 10/28/2015 , Sep 2015 , $0.05 , 3 , $0.05 ,0%
Automatic Data Processing Inc. (ADP) ,ADP,40520000000, 10/28/2015 , Sep 2015 , $0.65 , 12 , $0.68 ,4.62%
AutoNation Inc. (AN) ,AN,6990000000, 10/28/2015 , Sep 2015 , $1.05 , 9 , $1.05 ,0%
Axalta Coating Systems Ltd. (AXTA) ,AXTA,6530000000, 10/28/2015 , Sep 2015 , $0.25 , 7 , $0.27 ,8%
BankFinancial Corporation (BFIN) ,BFIN,252790000, 10/28/2015 , Sep 2015 , $0.12 , 1 , $0.12 ,0%
Barrick Gold Corporation (ABX) ,ABX,8960000000, 10/28/2015 , Sep 2015 , $0.06 , 10 , $0.11 ,83.33%
Bel Fuse Inc. (BELFB) ,BELFB,214530000, 10/28/2015 , Sep 2015 , $n/a , 0 , $0.24 ,n/a
Bel Fuse Inc. (BELFA) ,BELFA,190560000, 10/28/2015 , Sep 2015 , $n/a , 0 , $0.24 ,n/a
Belden Inc (BDC) ,BDC,2730000000, 10/28/2015 , Sep 2015 , $1.1 , 2 , $1.14 ,3.64%
BGC Partners Inc. (BGCP) ,BGCP,2170000000, 10/28/2015 , Sep 2015 , $0.19 , 1 , $0.19 ,0%
Bio-Techne Corp (TECH) ,TECH,3280000000, 10/28/2015 , Sep 2015 , $0.85 , 4 , $0.75 ,-11.76%
Blackbaud Inc. (BLKB) ,BLKB,2940000000, 10/28/2015 , Sep 2015 , $0.31 , 3 , $0.29 ,-6.45%
Blue Hills Bancorp Inc. (BHBK) ,BHBK,403730000, 10/28/2015 , Sep 2015 , $0.02 , 1 , $0.07 ,250%
BOK Financial Corporation (BOKF) ,BOKF,4630000000, 10/28/2015 , Sep 2015 , $1.12 , 6 , $1.09 ,-2.68%
Booz Allen Hamilton Holding Corporation (BAH) ,BAH,4370000000, 10/28/2015 , Sep 2015 , $0.35 , 9 , $0.39 ,11.43%
Boston Scientific Corporation (BSX) ,BSX,24570000000, 10/28/2015 , Sep 2015 , $0.23 , 20 , $0.24 ,4.35%
Breeze-Eastern Corporation (BZC) ,BZC,202250000, 10/28/2015 , Sep 2015 , $n/a , 0 , $0.29 ,n/a
BroadVision Inc. (BVSN) ,BVSN,29240000, 10/28/2015 , Sep 2015 , $n/a , 0 , $-0.42 ,n/a
Broadway Financial Corporation (BYFC) ,BYFC,39250000, 10/28/2015 , Sep 2015 , $n/a , 0 , $0.03 ,n/a
Buffalo Wild Wings Inc. (BWLD) ,BWLD,2930000000, 10/28/2015 , Sep 2015 , $1.28 , 15 , $1 ,-21.88%
CACI International Inc. (CACI) ,CACI,2350000000, 10/28/2015 , Sep 2015 , $1.05 , 9 , $1.75 ,66.67%
California Water Service Group Holding (CWT) ,CWT,1070000000, 10/28/2015 , Sep 2015 , $0.66 , 3 , $0.52 ,-21.21%
Capstead Mortgage Corporation (CMO) ,CMO,924710000, 10/28/2015 , Sep 2015 , $0.25 , 3 , $0.18 ,-28%
Carbonite Inc. (CARB) ,CARB,277780000, 10/28/2015 , Sep 2015 , $-0.05 , 3 , $-0.16 ,220%
Cavium Inc. (CAVM) ,CAVM,3950000000, 10/28/2015 , Sep 2015 , $0.18 , 5 , $0.16 ,-11.11%
CBIZ Inc. (CBZ) ,CBZ,571230000, 10/28/2015 , Sep 2015 , $0.16 , 1 , $0.24 ,50%
CBL & Associates Properties Inc. (CBL) ,CBL,2490000000, 10/28/2015 , Sep 2015 , $0.57 , 10 , $0.56 ,-1.75%
Celadon Group Inc. (CGI) ,CGI,410540000, 10/28/2015 , Sep 2015 , $0.39 , 7 , $0.41 ,5.13%
Cementos Pacasmayo S.A.A. (CPAC) ,CPAC,758880000, 10/28/2015 , Sep 2015 , $0.15 , 1 , $0.16 ,6.67%
Chase Corporation (CCF) ,CCF,408520000, 10/28/2015 , Aug 2015 , $n/a , 0 , $0.84 ,n/a
Chemtura Corp. (CHMT) ,CHMT,2150000000, 10/28/2015 , Sep 2015 , $0.37 , 7 , $0.45 ,21.62%
Churchill Downs Incorporated (CHDN) ,CHDN,2580000000, 10/28/2015 , Sep 2015 , $0.59 , 3 , $0.4 ,-32.2%
Cimpress N.V (CMPR) ,CMPR,2560000000, 10/28/2015 , Sep 2015 , $0.22 , 3 , $0.47 ,113.64%
Cirrus Logic Inc. (CRUS) ,CRUS,1960000000, 10/28/2015 , Sep 2015 , $0.49 , 2 , $0.56 ,14.29%
Cleco Corporation (CNL) ,CNL,3210000000, 10/28/2015 , Sep 2015 , $1.03 , 2 , $0.92 ,-10.68%
Clifton Bancorp Inc. (CSBK) ,CSBK,376630000, 10/28/2015 , Sep 2015 , $n/a , 0 , $0.06 ,n/a
CNO Financial Group Inc. (CNO) ,CNO,3690000000, 10/28/2015 , Sep 2015 , $0.34 , 3 , $0.3 ,-11.76%
Cnova N.V. (CNV) ,CNV,1320000000, 10/28/2015 , Sep 2015 , $-0.03 , 2 , $-0.07 ,133.33%
Coca Cola Femsa S.A.B. de C.V. (KOF) ,KOF,15890000000, 10/28/2015 , Sep 2015 , $0.69 , 3 , $0.58 ,-15.94%
Commercial Metals Company (CMC) ,CMC,1660000000, 10/28/2015 , Aug 2015 , $0.43 , 5 , $0.25 ,-41.86%
CoStar Group Inc. (CSGP) ,CSGP,6600000000, 10/28/2015 , Sep 2015 , $0.25 , 4 , $0.31 ,24%
Cott Corporation (COT) ,COT,1150000000, 10/28/2015 , Sep 2015 , $0.1 , 5 , $0.09 ,-10%
Cullen/Frost Bankers Inc. (CFR) ,CFR,4270000000, 10/28/2015 , Sep 2015 , $1.12 , 9 , $1.17 ,4.46%
Curtiss-Wright Corporation (CW) ,CW,3180000000, 10/28/2015 , Sep 2015 , $1.01 , 6 , $0.8 ,-20.79%
Customers Bancorp Inc (CUBI) ,CUBI,738970000, 10/28/2015 , Sep 2015 , $0.5 , 4 , $0.5 ,0%
DENTSPLY International Inc. (XRAY) ,XRAY,8510000000, 10/28/2015 , Sep 2015 , $0.63 , 8 , $0.66 ,4.76%
DHI Group Inc. (DHX) ,DHX,476580000, 10/28/2015 , Sep 2015 , $0.1 , 3 , $0.12 ,20%
Diamond Hill Investment Group Inc. (DHIL) ,DHIL,681640000, 10/28/2015 , Sep 2015 , $n/a , 0 , $1.99 ,n/a
Diamond Resorts International Inc. (DRII) ,DRII,2080000000, 10/28/2015 , Sep 2015 , $0.46 , 3 , $0.34 ,-26.09%
Digimarc Corporation (DMRC) ,DMRC,192220000, 10/28/2015 , Sep 2015 , $-0.56 , 3 , $-0.54 ,-3.57%
Dorman Products Inc. (DORM) ,DORM,1660000000, 10/28/2015 , Sep 2015 , $0.74 , 6 , $0.73 ,-1.35%
DSP Group Inc. (DSPG) ,DSPG,223610000, 10/28/2015 , Sep 2015 , $0.03 , 1 , $0.01 ,-66.67%
Duke Realty Corporation (DRE) ,DRE,7150000000, 10/28/2015 , Sep 2015 , $0.29 , 11 , $0.29 ,0%
Dyax Corp. (DYAX) ,DYAX,4030000000, 10/28/2015 , Sep 2015 , $-0.07 , 5 , $-0.08 ,14.29%
Dynex Capital Inc. (DX) ,DX,354550000, 10/28/2015 , Sep 2015 , $0.21 , 2 , $0.24 ,14.29%
Eastern Company (The) (EML) ,EML,104730000, 10/28/2015 , Sep 2015 , $n/a , 0 , $0.41 ,n/a
Echo Global Logistics Inc. (ECHO) ,ECHO,735490000, 10/28/2015 , Sep 2015 , $0.27 , 2 , $0.24 ,-11.11%
Edgewater Technology Inc. (EDGW) ,EDGW,93300000, 10/28/2015 , Sep 2015 , $n/a , 0 , $0.08 ,n/a
Electro Scientific Industries Inc. (ESIO) ,ESIO,144350000, 10/28/2015 , Sep 2015 , $-0.21 , 1 , $-0.1 ,-52.38%
Ellie Mae Inc. (ELLI) ,ELLI,2160000000, 10/28/2015 , Sep 2015 , $0.13 , 4 , $0.24 ,84.62%
Empire State Realty Trust Inc. (ESRT) ,ESRT,4790000000, 10/28/2015 , Sep 2015 , $0.25 , 5 , $0.27 ,8%
Employers Holdings Inc (EIG) ,EIG,849120000, 10/28/2015 , Sep 2015 , $0.43 , 1 , $0.63 ,46.51%
Empresas Ica Soc Contrladora (ICA) ,ICA,237090000, 10/28/2015 , Sep 2015 , $0.13 , 1 , $-0.96 ,-838.46%
ENSCO plc (ESV) ,ESV,3920000000, 10/28/2015 , Sep 2015 , $0.74 , 12 , $0.89 ,20.27%
EP Energy Corporation (EPE) ,EPE,1370000000, 10/28/2015 , Sep 2015 , $0.19 , 9 , $0.26 ,36.84%
EPR Properties (EPR) ,EPR,3390000000, 10/28/2015 , Sep 2015 , $1.12 , 5 , $1.17 ,4.46%
Equinix Inc. (EQIX) ,EQIX,16900000000, 10/28/2015 , Sep 2015 , $3.57 , 4 , $3.55 ,-0.56%
Equity One Inc. (EQY) ,EQY,3440000000, 10/28/2015 , Sep 2015 , $0.33 , 10 , $0.33 ,0%
ESSA Bancorp Inc. (ESSA) ,ESSA,151450000, 10/28/2015 , Sep 2015 , $n/a , 0 , $0.24 ,n/a
EverBank Financial Corp. (EVER) ,EVER,2160000000, 10/28/2015 , Sep 2015 , $0.36 , 6 , $0.23 ,-36.11%
Extra Space Storage Inc (EXR) ,EXR,9730000000, 10/28/2015 , Sep 2015 , $0.78 , 9 , $0.81 ,3.85%
F5 Networks Inc. (FFIV) ,FFIV,7820000000, 10/28/2015 , Sep 2015 , $1.4 , 6 , $1.4 ,0%
FalconStor Software Inc. (FALC) ,FALC,82370000, 10/28/2015 , Sep 2015 , $n/a , 0 , $-0.06 ,n/a
Farmers & Merchants Bancorp Inc. (OH) (FMAO) ,FMAO,, 10/28/2015 , Sep 2015 , $0.57 , 1 , $0.57 ,0%
Federal-Mogul Holdings Corporation (FDML) ,FDML,1310000000, 10/28/2015 , Sep 2015 , $0.21 , 1 , $0.1 ,-52.38%
Ferrari N.V. (RACE) ,RACE,9530000000, 10/28/2015 , Sep 2015 , $n/a , 0 , $0.56 ,n/a
Fiat Chrysler Automobiles N.V. (FCAU) ,FCAU,24860000000, 10/28/2015 , Sep 2015 , $n/a , 0 , $0.22 ,n/a
First Bank (FRBA) ,FRBA,50080000, 10/28/2015 , Sep 2015 , $0.12 , 1 , $0.08 ,-33.33%
First Citizens BancShares Inc. (FCNCA) ,FCNCA,3080000000, 10/28/2015 , Sep 2015 , $n/a , 0 , $4.66 ,n/a
First Commonwealth Financial Corporation (FCF) ,FCF,817550000, 10/28/2015 , Sep 2015 , $0.16 , 4 , $0.14 ,-12.5%
First Financial Corporation Indiana (THFF) ,THFF,439830000, 10/28/2015 , Sep 2015 , $0.61 , 2 , $0.65 ,6.56%
First Financial Northwest Inc. (FFNW) ,FFNW,180940000, 10/28/2015 , Sep 2015 , $0.17 , 1 , $0.18 ,5.88%
First Industrial Realty Trust Inc. (FR) ,FR,2400000000, 10/28/2015 , Sep 2015 , $0.35 , 6 , $0.35 ,0%
First West Virginia Bancorp Inc. (FWV) ,FWV,32850000, 10/28/2015 , Sep 2015 , $n/a , 0 , $0.14 ,n/a
FirstService Corporation (FSV) ,FSV,1220000000, 10/28/2015 , Sep 2015 , $0.49 , 2 , $0.49 ,0%
FLIR Systems Inc. (FLIR) ,FLIR,3740000000, 10/28/2015 , Sep 2015 , $0.42 , 4 , $0.4 ,-4.76%
FMC Corporation (FMC) ,FMC,5440000000, 10/28/2015 , Sep 2015 , $0.38 , 8 , $0.42 ,10.53%
Fomento Economico Mexicano S.A.B. de C.V. (FMX) ,FMX,7090000000, 10/28/2015 , Sep 2015 , $0.83 , 2 , $0.58 ,-30.12%
FormFactor Inc. (FORM) ,FORM,479240000, 10/28/2015 , Sep 2015 , $-0.02 , 1 , $0.01 ,-150%
Forrester Research Inc. (FORR) ,FORR,578280000, 10/28/2015 , Sep 2015 , $0.11 , 2 , $0.25 ,127.27%
Fox Chase Bancorp Inc. (FXCB) ,FXCB,202520000, 10/28/2015 , Sep 2015 , $0.14 , 1 , $0.21 ,50%
FS Bancorp Inc. (FSBW) ,FSBW,82990000, 10/28/2015 , Sep 2015 , $n/a , 0 , $0.66 ,n/a
Garmin Ltd. (GRMN) ,GRMN,6750000000, 10/28/2015 , Sep 2015 , $0.52 , 9 , $0.51 ,-1.92%
Generac Holdlings Inc. (GNRC) ,GNRC,2190000000, 10/28/2015 , Sep 2015 , $0.81 , 5 , $0.92 ,13.58%
General Dynamics Corporation (GD) ,GD,46970000000, 10/28/2015 , Sep 2015 , $2.1 , 9 , $2.28 ,8.57%
Gibraltar Industries Inc. (ROCK) ,ROCK,785940000, 10/28/2015 , Sep 2015 , $0.36 , 3 , $0.5 ,38.89%
Gladstone Investment Corporation (GAIN) ,GAIN,226730000, 10/28/2015 , Sep 2015 , $0.19 , 2 , $0.2 ,5.26%
GlaxoSmithKline PLC (GSK) ,GSK,104120000000, 10/28/2015 , Sep 2015 , $0.6 , 3 , $0.71 ,18.33%
Golden Star Resources Ltd (GSS) ,GSS,57180000, 10/28/2015 , Sep 2015 , $-0.07 , 2 , $-0.04 ,-42.86%
GoPro Inc. (GPRO) ,GPRO,3440000000, 10/28/2015 , Sep 2015 , $0.22 , 4 , $0.14 ,-36.36%
Graham Corporation (GHM) ,GHM,171600000, 10/28/2015 , Sep 2015 , $0.15 , 2 , $0.2 ,33.33%
Grand Canyon Education Inc. (LOPE) ,LOPE,1960000000, 10/28/2015 , Sep 2015 , $0.65 , 5 , $0.7 ,7.69%
Green Bancorp Inc. (GNBC) ,GNBC,322090000, 10/28/2015 , Sep 2015 , $0.2 , 3 , $0.17 ,-15%
Hanesbrands Inc. (HBI) ,HBI,12510000000, 10/28/2015 , Sep 2015 , $0.45 , 9 , $0.5 ,11.11%
Haverty Furniture Companies Inc. (HVT) ,HVT,530860000, 10/28/2015 , Sep 2015 , $0.35 , 3 , $0.34 ,-2.86%
Hawkins Inc. (HWKN) ,HWKN,437080000, 10/28/2015 , Sep 2015 , $n/a , 0 , $0.57 ,n/a
Healthcare Trust of America Inc. (HTA) ,HTA,3340000000, 10/28/2015 , Sep 2015 , $0.39 , 5 , $0.39 ,0%
HealthSouth Corporation (HLS) ,HLS,3190000000, 10/28/2015 , Sep 2015 , $0.59 , 8 , $0.52 ,-11.86%
Hersha Hospitality Trust (HT) ,HT,1110000000, 10/28/2015 , Sep 2015 , $0.61 , 4 , $0.67 ,9.84%
Hershey Company (The) (HSY) ,HSY,19460000000, 10/28/2015 , Sep 2015 , $1.12 , 7 , $1.17 ,4.46%
Hess Corporation (HES) ,HES,16140000000, 10/28/2015 , Sep 2015 , $-1.13 , 8 , $-1.03 ,-8.85%
Highway Holdings Limited (HIHO) ,HIHO,19390000, 10/28/2015 , Sep 2015 , $n/a , 0 , $0.1 ,n/a
Hilton Worldwide Holdings Inc. (HLT) ,HLT,24680000000, 10/28/2015 , Sep 2015 , $0.23 , 9 , $0.23 ,0%
Horace Mann Educators Corporation (HMN) ,HMN,1410000000, 10/28/2015 , Sep 2015 , $0.6 , 2 , $0.5 ,-16.67%
Hornbeck Offshore Services (HOS) ,HOS,484120000, 10/28/2015 , Sep 2015 , $0.28 , 8 , $0.22 ,-21.43%
Hub Group Inc. (HUBG) ,HUBG,1460000000, 10/28/2015 , Sep 2015 , $0.54 , 9 , $0.55 ,1.85%
Huttig Building Products Inc. (HBP) ,HBP,87080000, 10/28/2015 , Sep 2015 , $n/a , 0 , $0.92 ,n/a
Hyster-Yale Materials Handling Inc. (HY) ,HY,1190000000, 10/28/2015 , Sep 2015 , $1.34 , 2 , $1.28 ,-4.48%
IDEXX Laboratories Inc. (IDXX) ,IDXX,6240000000, 10/28/2015 , Sep 2015 , $0.53 , 7 , $0.54 ,1.89%
Imax Corporation (IMAX) ,IMAX,2660000000, 10/28/2015 , Sep 2015 , $0.13 , 5 , $0.12 ,-7.69%
Insight Enterprises Inc. (NSIT) ,NSIT,942080000, 10/28/2015 , Sep 2015 , $0.46 , 2 , $0.59 ,28.26%
Insignia Systems Inc. (ISIG) ,ISIG,34230000, 10/28/2015 , Sep 2015 , $n/a , 0 , $0.05 ,n/a
Installed Building Products Inc. (IBP) ,IBP,694760000, 10/28/2015 , Sep 2015 , $0.34 , 4 , $0.3 ,-11.76%
Intercontinental Exchange Inc. (ICE) ,ICE,27700000000, 10/28/2015 , Sep 2015 , $2.91 , 9 , $2.91 ,0%
Interface Inc. (TILE) ,TILE,1290000000, 10/28/2015 , Sep 2015 , $0.31 , 5 , $0.31 ,0%
International Paper Company (IP) ,IP,17830000000, 10/28/2015 , Sep 2015 , $0.92 , 8 , $0.97 ,5.43%
Intersil Corporation (ISIL) ,ISIL,1790000000, 10/28/2015 , Sep 2015 , $0.09 , 5 , $0.11 ,22.22%
InvenSense Inc. (INVN) ,INVN,1100000000, 10/28/2015 , Sep 2015 , $0.06 , 4 , $0.09 ,50%
Jones Lang LaSalle Incorporated (JLL) ,JLL,7500000000, 10/28/2015 , Sep 2015 , $1.95 , 4 , $2.52 ,29.23%
KapStone Paper and Packaging Corporation (KS) ,KS,2089999000, 10/28/2015 , Sep 2015 , $0.48 , 5 , $0.49 ,2.08%
Kilroy Realty Corporation (KRC) ,KRC,6070000000, 10/28/2015 , Sep 2015 , $0.76 , 10 , $0.77 ,1.32%
Kirby Corporation (KEX) ,KEX,3580000000, 10/28/2015 , Sep 2015 , $1.03 , 7 , $1.04 ,0.97%
Kraton Performance Polymers Inc (KRA) ,KRA,639230000, 10/28/2015 , Sep 2015 , $0.68 , 2 , $0.48 ,-29.41%
La Quinta Holdings Inc. (LQ) ,LQ,1960000000, 10/28/2015 , Sep 2015 , $0.2 , 7 , $0.19 ,-5%
Lake Shore Bancorp Inc. (LSBK) ,LSBK,80340000, 10/28/2015 , Sep 2015 , $n/a , 0 , $0.21 ,n/a
Level 3 Communications Inc. (LVLT) ,LVLT,18130000000, 10/28/2015 , Sep 2015 , $0.46 , 9 , $0.48 ,4.35%
LifeLock Inc. (LOCK) ,LOCK,1340000000, 10/28/2015 , Sep 2015 , $0.18 , 1 , $0.23 ,27.78%
Lincoln National Corporation (LNC) ,LNC,13430000000, 10/28/2015 , Sep 2015 , $1.52 , 10 , $1.11 ,-26.97%
Littelfuse Inc. (LFUS) ,LFUS,2260000000, 10/28/2015 , Sep 2015 , $1.31 , 4 , $1.43 ,9.16%
Lloyds Banking Group Plc (LYG) ,LYG,81820000000, 10/28/2015 , Sep 2015 , $n/a , 0 , $0.14 ,n/a
Luby's Inc. (LUB) ,LUB,133270000, 10/28/2015 , Aug 2015 , $n/a , 0 , $-0.03 ,n/a
Mack-Cali Realty Corporation (CLI) ,CLI,1940000000, 10/28/2015 , Sep 2015 , $0.44 , 6 , $0.51 ,15.91%
Manitowoc Company Inc. (The) (MTW) ,MTW,2089999000, 10/28/2015 , Sep 2015 , $0.07 , 10 , $0.09 ,28.57%
Manning & Napier Inc. (MN) ,MN,110820000, 10/28/2015 , Sep 2015 , $0.23 , 5 , $0.21 ,-8.7%
ManTech International Corporation (MANT) ,MANT,1090000000, 10/28/2015 , Sep 2015 , $0.36 , 6 , $0.35 ,-2.78%
Marine Harvest ASA (MHG) ,MHG,6040000000, 10/28/2015 , Sep 2015 , $n/a , 0 , $0.06 ,n/a
Marine Products Corporation (MPX) ,MPX,269760000, 10/28/2015 , Sep 2015 , $0.07 , 2 , $0.08 ,14.29%
Marriott International (MAR) ,MAR,19740000000, 10/28/2015 , Sep 2015 , $0.74 , 10 , $0.78 ,5.41%
Martin Midstream Partners L.P. (MMLP) ,MMLP,1030000000, 10/28/2015 , Sep 2015 , $0.23 , 5 , $-0.02 ,-108.7%
Mastech Holdings Inc (MHH) ,MHH,35370000, 10/28/2015 , Sep 2015 , $n/a , 0 , $0.22 ,n/a
MDC Partners Inc. (MDCA) ,MDCA,1040000000, 10/28/2015 , Sep 2015 , $0.17 , 5 , $-0.15 ,-188.24%
Methanex Corporation (MEOH) ,MEOH,3590000000, 10/28/2015 , Sep 2015 , $0.28 , 3 , $0.54 ,92.86%
Mid Penn Bancorp (MPB) ,MPB,66440000, 10/28/2015 , Sep 2015 , $n/a , 0 , $0.43 ,n/a
Mid-America Apartment Communities Inc. (MAA) ,MAA,6420000000, 10/28/2015 , Sep 2015 , $1.33 , 12 , $1.38 ,3.76%
Moelis & Company (MC) ,MC,1520000000, 10/28/2015 , Sep 2015 , $0.4 , 3 , $0.49 ,22.5%
Mondelez International Inc. (MDLZ) ,MDLZ,73360000000, 10/28/2015 , Sep 2015 , $0.39 , 8 , $0.42 ,7.69%
Murphy Oil Corporation (MUR) ,MUR,4910000000, 10/28/2015 , Sep 2015 , $-0.95 , 7 , $-0.72 ,-24.21%
National Oilwell Varco Inc. (NOV) ,NOV,14450000000, 10/28/2015 , Sep 2015 , $0.56 , 16 , $0.77 ,37.5%
NCI Inc. (NCIT) ,NCIT,202640000, 10/28/2015 , Sep 2015 , $0.2 , 7 , $0.23 ,15%
NEW GOLD INC. (NGD) ,NGD,1250000000, 10/28/2015 , Sep 2015 , $0 , 9 , $-0.02 ,-∞%
Newmont Mining Corporation (NEM) ,NEM,10300000000, 10/28/2015 , Sep 2015 , $0.19 , 9 , $0.23 ,21.05%
NextEra Energy Partners LP (NEP) ,NEP,559150000, 10/28/2015 , Sep 2015 , $0.26 , 6 , $0.05 ,-80.77%
NextEra Energy Inc. (NEE) ,NEE,46410000000, 10/28/2015 , Sep 2015 , $1.64 , 7 , $1.6 ,-2.44%
Noble Corporation (NE) ,NE,3260000000, 10/28/2015 , Sep 2015 , $0.54 , 11 , $0.72 ,33.33%
Nomura Holdings Inc ADR (NMR) ,NMR,22630000000, 10/28/2015 , Sep 2015 , $n/a , 0 , $0.1 ,n/a
Norfolk Souther Corporation (NSC) ,NSC,23890000000, 10/28/2015 , Sep 2015 , $1.41 , 12 , $1.57 ,11.35%
Northfield Bancorp Inc. (NFBK) ,NFBK,701330000, 10/28/2015 , Sep 2015 , $0.12 , 2 , $0.11 ,-8.33%
Northrop Grumman Corporation (NOC) ,NOC,34240000000, 10/28/2015 , Sep 2015 , $2.21 , 9 , $2.41 ,9.05%
Novadaq Technologies Inc (NVDQ) ,NVDQ,733400000, 10/28/2015 , Sep 2015 , $-0.2 , 8 , $-0.18 ,-10%
NTELOS Holdings Corp. (NTLS) ,NTLS,204520000, 10/28/2015 , Sep 2015 , $-0.14 , 2 , $-0.2 ,42.86%
NutriSystem Inc (NTRI) ,NTRI,672050000, 10/28/2015 , Sep 2015 , $0.23 , 5 , $0.25 ,8.7%
NXP Semiconductors N.V. (NXPI) ,NXPI,18200000000, 10/28/2015 , Sep 2015 , $1.35 , 5 , $1.43 ,5.93%
Occidental Petroleum Corporation (OXY) ,OXY,56940000000, 10/28/2015 , Sep 2015 , $-0.02 , 10 , $0.03 ,-250%
Oceaneering International Inc. (OII) ,OII,4110000000, 10/28/2015 , Sep 2015 , $0.69 , 9 , $0.7 ,1.45%
Ocwen Financial Corporation (OCN) ,OCN,876410000, 10/28/2015 , Sep 2015 , $-0.31 , 2 , $-0.53 ,70.97%
On Assignment Inc. (ASGN) ,ASGN,2370000000, 10/28/2015 , Sep 2015 , $0.76 , 8 , $0.5 ,-34.21%
ONE Gas Inc. (OGS) ,OGS,2570000000, 10/28/2015 , Sep 2015 , $0.13 , 4 , $0.14 ,7.69%
Oneida Financial Corp. (ONFC) ,ONFC,151680000, 10/28/2015 , Sep 2015 , $n/a , 0 , $0.12 ,n/a
Open Text Corporation (OTEX) ,OTEX,5630000000, 10/28/2015 , Sep 2015 , $0.77 , 1 , $0.81 ,5.19%
O'Reilly Automotive Inc. (ORLY) ,ORLY,27460000000, 10/28/2015 , Sep 2015 , $2.36 , 13 , $2.64 ,11.86%
Orion Engineered Carbons S.A (OEC) ,OEC,778830000, 10/28/2015 , Sep 2015 , $0.35 , 4 , $0.35 ,0%
Pacific Gas & Electric Co. (PCG) ,PCG,26190000000, 10/28/2015 , Sep 2015 , $0.92 , 6 , $0.84 ,-8.7%
PAREXEL International Corporation (PRXL) ,PRXL,3490000000, 10/28/2015 , Sep 2015 , $0.64 , 11 , $0.7 ,9.37%
PayPal Holdings Inc. (PYPL) ,PYPL,43990000000, 10/28/2015 , Sep 2015 , $0.24 , 8 , $0.26 ,8.33%
Peapack-Gladstone Financial Corporation (PGC) ,PGC,352510000, 10/28/2015 , Sep 2015 , $n/a , 0 , $0.35 ,n/a
Peoples Financial Corporation (PFBX) ,PFBX,46470000, 10/28/2015 , Sep 2015 , $n/a , 0 , $-0.5 ,n/a
People's Utah Bancorp (PUB) ,PUB,287480000, 10/28/2015 , Sep 2015 , $0.27 , 2 , $0.29 ,7.41%
Pericom Semiconductor Corporation (PSEM) ,PSEM,382000000, 10/28/2015 , Sep 2015 , $0.15 , 2 , $0.23 ,53.33%
Pilgrim's Pride Corporation (PPC) ,PPC,4930000000, 10/28/2015 , Sep 2015 , $0.68 , 1 , $0.53 ,-22.06%
Plexus Corp. (PLXS) ,PLXS,1160000000, 10/28/2015 , Sep 2015 , $0.68 , 3 , $0.69 ,1.47%
Power Integrations Inc. (POWI) ,POWI,1470000000, 10/28/2015 , Sep 2015 , $0.39 , 3 , $0.44 ,12.82%
Psychemedics Corporation (PMD) ,PMD,56450000, 10/28/2015 , Sep 2015 , $n/a , 0 , $0.15 ,n/a
PTC Inc. (PTC) ,PTC,4050000000, 10/28/2015 , Sep 2015 , $0.52 , 5 , $0.6 ,15.38%
Public Storage (PSA) ,PSA,39690000000, 10/28/2015 , Sep 2015 , $2.25 , 12 , $2.27 ,0.89%
QEP Resources Inc. (QEP) ,QEP,2730000000, 10/28/2015 , Sep 2015 , $-0.09 , 7 , $0.01 ,-111.11%
Qiagen N.V. (QGEN) ,QGEN,5630000000, 10/28/2015 , Sep 2015 , $0.28 , 13 , $0.27 ,-3.57%
Quaker Chemical Corporation (KWR) ,KWR,1060000000, 10/28/2015 , Sep 2015 , $1.12 , 4 , $1.19 ,6.25%
QuickLogic Corporation (QUIK) ,QUIK,78090000, 10/28/2015 , Sep 2015 , $-0.09 , 1 , $-0.09 ,-0%
Quidel Corporation (QDEL) ,QDEL,644380000, 10/28/2015 , Sep 2015 , $-0.14 , 7 , $0.03 ,-121.43%
Quintiles Transitional Holdings Inc. (Q) ,Q,7830000000, 10/28/2015 , Sep 2015 , $0.81 , 13 , $0.94 ,16.05%
Radware Ltd. (RDWR) ,RDWR,687920000, 10/28/2015 , Sep 2015 , $0.06 , 2 , $0.05 ,-16.67%
Range Resources Corporation (RRC) ,RRC,5160000000, 10/28/2015 , Sep 2015 , $-0.14 , 3 , $-0.05 ,-64.29%
Rayonier Advanced Materials Inc. (RYAM) ,RYAM,395390000, 10/28/2015 , Sep 2015 , $0.42 , 2 , $0.78 ,85.71%
Realty Income Corporation (O) ,O,12350000000, 10/28/2015 , Sep 2015 , $0.7 , 11 , $0.7 ,0%
Regency Centers Corporation (REG) ,REG,6400000000, 10/28/2015 , Sep 2015 , $0.74 , 13 , $0.76 ,2.7%
Retail Opportunity Investments Corp. (ROIC) ,ROIC,1800000000, 10/28/2015 , Sep 2015 , $0.24 , 6 , $0.26 ,8.33%
Rogers Corporation (ROG) ,ROG,867900000, 10/28/2015 , Sep 2015 , $0.72 , 1 , $0.79 ,9.72%
Rollins Inc. (ROL) ,ROL,5860000000, 10/28/2015 , Sep 2015 , $0.21 , 1 , $0.21 ,0%
Rovi Corporation (ROVI) ,ROVI,756200000, 10/28/2015 , Sep 2015 , $0.21 , 1 , $0.19 ,-9.52%
Royale Energy Inc. (ROYL) ,ROYL,8640000, 10/28/2015 , Sep 2015 , $n/a , 0 , $0 ,n/a
RPC Inc. (RES) ,RES,2390000000, 10/28/2015 , Sep 2015 , $-0.16 , 8 , $-0.16 ,-0%
Saia Inc. (SAIA) ,SAIA,593290000, 10/28/2015 , Sep 2015 , $0.66 , 5 , $0.46 ,-30.3%
Sangamo BioSciences Inc. (SGMO) ,SGMO,492520000, 10/28/2015 , Sep 2015 , $-0.24 , 5 , $-0.13 ,-45.83%
Selective Insurance Group Inc. (SIGI) ,SIGI,2080000000, 10/28/2015 , Sep 2015 , $0.68 , 1 , $0.81 ,19.12%
Service Corporation International (SCI) ,SCI,5660000000, 10/28/2015 , Sep 2015 , $0.27 , 2 , $0.23 ,-14.81%
Seventy Seven Energy Inc. (SSE) ,SSE,64690000, 10/28/2015 , Sep 2015 , $-0.8 , 4 , $-0.93 ,16.25%
Sharps Compliance Corp (SMED) ,SMED,116480000, 10/28/2015 , Sep 2015 , $0.04 , 4 , $0.02 ,-50%
SI Financial Group Inc. (SIFI) ,SIFI,154680000, 10/28/2015 , Sep 2015 , $n/a , 0 , $0.08 ,n/a
Silicon Graphics International Corp (SGI) ,SGI,154830000, 10/28/2015 , Sep 2015 , $-0.21 , 1 , $-0.26 ,23.81%
Silicon Laboratories Inc. (SLAB) ,SLAB,2080000000, 10/28/2015 , Sep 2015 , $0.2 , 2 , $0.37 ,85%
Silicon Motion Technology Corporation (SIMO) ,SIMO,1080000000, 10/28/2015 , Sep 2015 , $0.4 , 3 , $0.48 ,20%
SJW Corporation (SJW) ,SJW,646140000, 10/28/2015 , Sep 2015 , $0.57 , 1 , $0.46 ,-19.3%
Smith Micro Software Inc. (SMSI) ,SMSI,30630000, 10/28/2015 , Sep 2015 , $0 , 1 , $-0.02 ,-∞%
Snyder's-Lance Inc. (LNCE) ,LNCE,2510000000, 10/28/2015 , Sep 2015 , $0.34 , 3 , $0.26 ,-23.53%
Sonic Automotive Inc. (SAH) ,SAH,1270000000, 10/28/2015 , Sep 2015 , $0.46 , 4 , $0.57 ,23.91%
Sonus Networks Inc. (SONS) ,SONS,327770000, 10/28/2015 , Sep 2015 , $-0.06 , 2 , $0 ,-100%
Southern Company (The) (SO) ,SO,40970000000, 10/28/2015 , Sep 2015 , $1.16 , 7 , $1.17 ,0.86%
Sovran Self Storage Inc. (SSS) ,SSS,3580000000, 10/28/2015 , Sep 2015 , $1.27 , 8 , $1.29 ,1.57%
Speedway Motorsports Inc. (TRK) ,TRK,762600000, 10/28/2015 , Sep 2015 , $0.28 , 1 , $0.31 ,10.71%
Spok Holdings Inc. (SPOK) ,SPOK,387810000, 10/28/2015 , Sep 2015 , $n/a , 0 , $0.2 ,n/a
SPX FLOW Inc. (FLOW) ,FLOW,1390000000, 10/28/2015 , Sep 2015 , $0.52 , 3 , $1.11 ,113.46%
STAAR Surgical Company (STAA) ,STAA,324410000, 10/28/2015 , Sep 2015 , $-0.07 , 1 , $-0.02 ,-71.43%
Starwood Hotels & Resorts Worldwide Inc. (HOT) ,HOT,13500000000, 10/28/2015 , Sep 2015 , $0.72 , 10 , $0.74 ,2.78%
Statoil ASA (STO) ,STO,51530000000, 10/28/2015 , Sep 2015 , $n/a , 0 , $0.14 ,n/a
Steiner Leisure Limited (STNR) ,STNR,812950000, 10/28/2015 , Sep 2015 , $0.98 , 4 , $0.94 ,-4.08%
Strayer Education Inc. (STRA) ,STRA,583620000, 10/28/2015 , Sep 2015 , $0.3 , 4 , $0.32 ,6.67%
Suncor Energy Inc. (SU) ,SU,42980000000, 10/28/2015 , Sep 2015 , $0.1 , 2 , $0.21 ,110%
SunPower Corporation (SPWR) ,SPWR,3670000000, 10/28/2015 , Sep 2015 , $0.14 , 2 , $0.03 ,-78.57%
Sunshine Bancorp Inc. (SBCP) ,SBCP,58950000, 10/28/2015 , Sep 2015 , $n/a , 0 , $0.03 ,n/a
Superior Energy Services Inc. (SPN) ,SPN,2130000000, 10/28/2015 , Sep 2015 , $-0.38 , 16 , $-0.46 ,21.05%
support.com Inc. (SPRT) ,SPRT,63310000, 10/28/2015 , Sep 2015 , $-0.06 , 2 , $-0.07 ,16.67%
Synchronoss Technologies Inc. (SNCR) ,SNCR,1540000000, 10/28/2015 , Sep 2015 , $0.47 , 4 , $0.42 ,-10.64%
TAL International Group Inc. (TAL) ,TAL,564010000, 10/28/2015 , Sep 2015 , $0.76 , 7 , $0.71 ,-6.58%
Talmer Bancorp Inc. (TLMR) ,TLMR,1200000000, 10/28/2015 , Sep 2015 , $0.24 , 4 , $0.27 ,12.5%
TE Connectivity Ltd. (TEL) ,TEL,25930000000, 10/28/2015 , Sep 2015 , $0.93 , 5 , $0.9 ,-3.23%
Tesoro Corporation (TSO) ,TSO,12870000000, 10/28/2015 , Sep 2015 , $6.05 , 9 , $6.48 ,7.11%
Tesoro Logistics LP (TLLP) ,TLLP,4940000000, 10/28/2015 , Sep 2015 , $0.7 , 8 , $0.62 ,-11.43%
The Carlyle Group L.P. (CG) ,CG,6040000000, 10/28/2015 , Sep 2015 , $-0.37 , 6 , $-0.43 ,16.22%
The Hanover Insurance Group Inc. (THG) ,THG,3720000000, 10/28/2015 , Sep 2015 , $1.41 , 3 , $1.61 ,14.18%
Theravance Inc. (THRX) ,THRX,1030000000, 10/28/2015 , Sep 2015 , $-0.03 , 3 , $-0.04 ,33.33%
Timken Company (The) (TKR) ,TKR,2620000000, 10/28/2015 , Sep 2015 , $0.53 , 4 , $0.55 ,3.77%
TOR Minerals International Inc (TORM) ,TORM,14620000, 10/28/2015 , Sep 2015 , $n/a , 0 , $-0.04 ,n/a
Triumph Bancorp Inc. (TBK) ,TBK,301110000, 10/28/2015 , Sep 2015 , $0.24 , 2 , $0.22 ,-8.33%
Triumph Group Inc. (TGI) ,TGI,2300000000, 10/28/2015 , Sep 2015 , $1.35 , 8 , $1.32 ,-2.22%
TTM Technologies Inc. (TTMI) ,TTMI,723610000, 10/28/2015 , Sep 2015 , $0.01 , 1 , $-0.02 ,-300%
United Insurance Holdings Corp. (UIHC) ,UIHC,355660000, 10/28/2015 , Sep 2015 , $0.23 , 3 , $0.45 ,95.65%
United Microelectronics Corporation (UMC) ,UMC,4670000000, 10/28/2015 , Sep 2015 , $n/a , 0 , $0.02 ,n/a
United Security Bancshares Inc. (USBI) ,USBI,48470000, 10/28/2015 , Sep 2015 , $n/a , 0 , $0.09 ,n/a
United States Lime & Minerals Inc. (USLM) ,USLM,273550000, 10/28/2015 , Sep 2015 , $n/a , 0 , $1.01 ,n/a
Universal Health Realty Income Trust (UHT) ,UHT,661520000, 10/28/2015 , Sep 2015 , $n/a , 0 , $0.71 ,n/a
Universal Stainless & Alloy Products Inc. (USAP) ,USAP,61800000, 10/28/2015 , Sep 2015 , $-0.21 , 1 , $-0.22 ,4.76%
Univest Corporation of Pennsylvania (UVSP) ,UVSP,383860000, 10/28/2015 , Sep 2015 , $0.4 , 1 , $0.39 ,-2.5%
Unum Group (UNM) ,UNM,8440000000, 10/28/2015 , Sep 2015 , $0.91 , 10 , $0.91 ,0%
Valero Energy Corporation (VLO) ,VLO,32770000000, 10/28/2015 , Sep 2015 , $2.64 , 8 , $2.79 ,5.68%
Valley National Bancorp (VLY) ,VLY,2440000000, 10/28/2015 , Sep 2015 , $0.15 , 4 , $0.15 ,0%
Vantiv Inc. (VNTV) ,VNTV,9320000000, 10/28/2015 , Sep 2015 , $0.53 , 5 , $0.57 ,7.55%
Varian Medical Systems Inc. (VAR) ,VAR,7750000000, 10/28/2015 , Sep 2015 , $1.07 , 5 , $1.04 ,-2.8%
VCA Inc. (WOOF) ,WOOF,4440000000, 10/28/2015 , Sep 2015 , $0.67 , 8 , $0.68 ,1.49%
Veeco Instruments Inc. (VECO) ,VECO,737800000, 10/28/2015 , Sep 2015 , $0.17 , 3 , $0.21 ,23.53%
Vertex Pharmaceuticals Incorporated (VRTX) ,VRTX,30520000000, 10/28/2015 , Sep 2015 , $-0.6 , 2 , $-0.4 ,-33.33%
VSE Corporation (VSEC) ,VSEC,308840000, 10/28/2015 , Sep 2015 , $n/a , 0 , $1.2 ,n/a
Walgreens Boots Alliance Inc. (WBA) ,WBA,92200000000, 10/28/2015 , Aug 2015 , $0.81 , 13 , $0.88 ,8.64%
Watts Water Technologies Inc. (WTS) ,WTS,1890000000, 10/28/2015 , Sep 2015 , $0.63 , 8 , $0.67 ,6.35%
WCI Communities Inc. (WCIC) ,WCIC,623510000, 10/28/2015 , Sep 2015 , $0.31 , 3 , $0.38 ,22.58%
Westell Technologies Inc. (WSTL) ,WSTL,82220000, 10/28/2015 , Sep 2015 , $-0.08 , 1 , $-0.04 ,-50%
Western Gas Equity Partners LP (WGP) ,WGP,9440000000, 10/28/2015 , Sep 2015 , $0.25 , 2 , $0.4 ,60%
Western Gas Partners LP (WES) ,WES,7150000000, 10/28/2015 , Sep 2015 , $0.37 , 7 , $0.77 ,108.11%
Westfield Financial Inc. (WFD) ,WFD,144270000, 10/28/2015 , Sep 2015 , $0.08 , 2 , $0.09 ,12.5%
Westwood Holdings Group Inc (WHG) ,WHG,500470000, 10/28/2015 , Sep 2015 , $n/a , 0 , $0.94 ,n/a
WEX Inc. (WEX) ,WEX,3480000000, 10/28/2015 , Sep 2015 , $1.35 , 5 , $1.21 ,-10.37%
Whiting Petroleum Corporation (WLL) ,WLL,3520000000, 10/28/2015 , Sep 2015 , $-0.25 , 16 , $-0.17 ,-32%
Williams Companies Inc. (The) (WMB) ,WMB,29570000000, 10/28/2015 , Sep 2015 , $0.14 , 5 , $0.22 ,57.14%
Williams Partners LP (WPZ) ,WPZ,20320000000, 10/28/2015 , Sep 2015 , $0.28 , 7 , $-0.32 ,-214.29%
World Fuel Services Corporation (INT) ,INT,3150000000, 10/28/2015 , Sep 2015 , $0.66 , 2 , $0.81 ,22.73%
Yelp Inc. (YELP) ,YELP,1670000000, 10/28/2015 , Sep 2015 , $-0.09 , 16 , $-0.1 ,11.11%
A V Homes Inc. (AVHI) ,AVHI,295780000, 10/29/2015 , Sep 2015 , $n/a , 0 , $0.25 ,n/a
A.H. Belo Corporation (AHC) ,AHC,117290000, 10/29/2015 , Sep 2015 , $n/a , 0 , $0.18 ,n/a
A10 Networks Inc. (ATEN) ,ATEN,448180000, 10/29/2015 , Sep 2015 , $-0.15 , 2 , $-0.14 ,-6.67%
ABIOMED Inc. (ABMD) ,ABMD,3100000000, 10/29/2015 , Sep 2015 , $0.13 , 6 , $0.17 ,30.77%
Accuray Incorporated (ARAY) ,ARAY,534290000, 10/29/2015 , Sep 2015 , $-0.14 , 5 , $-0.12 ,-14.29%
AcelRx Pharmaceuticals Inc. (ACRX) ,ACRX,174840000, 10/29/2015 , Sep 2015 , $-0.22 , 4 , $0.11 ,-150%
Advanced Semiconductor Engineering Inc. (ASX) ,ASX,8910000000, 10/29/2015 , Sep 2015 , $n/a , 0 , $0.11 ,n/a
Aetna Inc. (AET) ,AET,40010000000, 10/29/2015 , Sep 2015 , $1.78 , 12 , $1.9 ,6.74%
Air Products and Chemicals Inc. (APD) ,APD,29880000000, 10/29/2015 , Sep 2015 , $1.8 , 10 , $1.82 ,1.11%
Alcatel Lucent (ALU) ,ALU,11260000000, 10/29/2015 , Sep 2015 , $0.04 , 5 , $-0.08 ,-300%
Alexion Pharmaceuticals Inc. (ALXN) ,ALXN,39800000000, 10/29/2015 , Sep 2015 , $0.78 , 2 , $0.93 ,19.23%
Alkermes plc (ALKS) ,ALKS,10790000000, 10/29/2015 , Sep 2015 , $-0.28 , 2 , $-0.42 ,50%
Allegion plc (ALLE) ,ALLE,6250000000, 10/29/2015 , Sep 2015 , $0.77 , 5 , $0.92 ,19.48%
Allot Communications Ltd. (ALLT) ,ALLT,185490000, 10/29/2015 , Sep 2015 , $-0.09 , 1 , $-0.07 ,-22.22%
Ally Financial Inc. (ALLY) ,ALLY,9600000000, 10/29/2015 , Sep 2015 , $0.51 , 8 , $0.51 ,0%
Altria Group (MO) ,MO,118560000000, 10/29/2015 , Sep 2015 , $0.76 , 4 , $0.75 ,-1.32%
American Tower Corporation (REIT) (AMT) ,AMT,43270000000, 10/29/2015 , Sep 2015 , $1.24 , 7 , $1.31 ,5.65%
AmerisourceBergen Corporation (Holding Co) (ABC) ,ABC,20870000000, 10/29/2015 , Sep 2015 , $1.18 , 10 , $1.17 ,-0.85%
Ampco-Pittsburgh Corporation (AP) ,AP,121000000, 10/29/2015 , Sep 2015 , $n/a , 0 , $-0.14 ,n/a
Anchor BanCorp Wisconsin Inc. (ABCW) ,ABCW,393870000, 10/29/2015 , Sep 2015 , $n/a , 0 , $-9.16 ,n/a
Apollo Commercial Real Estate Finance (ARI) ,ARI,970510000, 10/29/2015 , Sep 2015 , $0.48 , 3 , $0.51 ,6.25%
AptarGroup Inc. (ATR) ,ATR,4620000000, 10/29/2015 , Sep 2015 , $0.78 , 6 , $0.83 ,6.41%
Armstrong World Industries Inc (AWI) ,AWI,2750000000, 10/29/2015 , Sep 2015 , $0.72 , 9 , $0.8 ,11.11%
Aspen Technology Inc. (AZPN) ,AZPN,3450000000, 10/29/2015 , Sep 2015 , $0.38 , 1 , $0.44 ,15.79%
Avery Dennison Corporation (AVY) ,AVY,5940000000, 10/29/2015 , Sep 2015 , $0.84 , 5 , $0.87 ,3.57%
Avnet Inc. (AVT) ,AVT,6110000000, 10/29/2015 , Sep 2015 , $1.03 , 5 , $1.12 ,8.74%
AXT Inc (AXTI) ,AXTI,71790000, 10/29/2015 , Sep 2015 , $-0.02 , 3 , $0 ,-100%
Baidu Inc. (BIDU) ,BIDU,65900000000, 10/29/2015 , Sep 2015 , $1.2 , 5 , $1.25 ,4.17%
Ball Corporation (BLL) ,BLL,9460000000, 10/29/2015 , Sep 2015 , $0.95 , 5 , $1.1 ,15.79%
Banc of California Inc. (BANC) ,BANC,488570000, 10/29/2015 , Sep 2015 , $0.27 , 5 , $0.29 ,7.41%
Banco Bradesco Sa (BBDO) ,BBDO,30690000000, 10/29/2015 , Sep 2015 , $n/a , 0 , $0.25 ,n/a
Banco Bradesco Sa (BBD) ,BBD,27370000000, 10/29/2015 , Sep 2015 , $0.23 , 3 , $0.25 ,8.7%
Banco Santander Chile (BSAC) ,BSAC,8950000000, 10/29/2015 , Sep 2015 , $0.4 , 1 , $0.39 ,-2.5%
Bar Harbor Bankshares Inc. (BHB) ,BHB,211720000, 10/29/2015 , Sep 2015 , $n/a , 0 , $0.65 ,n/a
Barclays PLC (BCS) ,BCS,59710000000, 10/29/2015 , Sep 2015 , $0.39 , 2 , $0.29 ,-25.64%
Baxalta Incorporated (BXLT) ,BXLT,23330000000, 10/29/2015 , Sep 2015 , $0.48 , 4 , $0.56 ,16.67%
Bay Bancorp Inc. (BYBK) ,BYBK,56750000, 10/29/2015 , Sep 2015 , $n/a , 0 , $0.05 ,n/a
BioMarin Pharmaceutical Inc. (BMRN) ,BMRN,18850000000, 10/29/2015 , Sep 2015 , $-0.66 , 12 , $-0.6 ,-9.09%
Blucora Inc. (BCOR) ,BCOR,401440000, 10/29/2015 , Sep 2015 , $-0.21 , 3 , $-0.17 ,-19.05%
BofI Holding Inc. (BOFI) ,BOFI,1250000000, 10/29/2015 , Sep 2015 , $1.51 , 4 , $1.6 ,5.96%
BorgWarner Inc. (BWA) ,BWA,9600000000, 10/29/2015 , Sep 2015 , $0.71 , 11 , $0.73 ,2.82%
Boston Beer Company Inc. (The) (SAM) ,SAM,2840000000, 10/29/2015 , Sep 2015 , $2.66 , 2 , $2.85 ,7.14%
Boston Properties Inc. (BXP) ,BXP,19330000000, 10/29/2015 , Sep 2015 , $1.36 , 14 , $1.41 ,3.68%
Bottomline Technologies Inc. (EPAY) ,EPAY,1140000000, 10/29/2015 , Sep 2015 , $0.16 , 3 , $0.17 ,6.25%
BRF S.A. (BRFS) ,BRFS,12990000000, 10/29/2015 , Sep 2015 , $0.27 , 2 , $0.32 ,18.52%
Briggs & Stratton Corporation (BGG) ,BGG,792540000, 10/29/2015 , Sep 2015 , $-0.35 , 2 , $-0.35 ,-0%
Brightcove Inc. (BCOV) ,BCOV,202010000, 10/29/2015 , Sep 2015 , $-0.08 , 2 , $-0.01 ,-87.5%
Broadwind Energy Inc. (BWEN) ,BWEN,31540000, 10/29/2015 , Sep 2015 , $-0.24 , 1 , $-0.16 ,-33.33%
Brunswick Corporation (BC) ,BC,4950000000, 10/29/2015 , Sep 2015 , $0.74 , 11 , $0.77 ,4.05%
BT Group plc (BT) ,BT,60010000000, 10/29/2015 , Sep 2015 , $0.99 , 2 , $1.05 ,6.06%
Buenaventura Mining Company Inc. (BVN) ,BVN,1630000000, 10/29/2015 , Sep 2015 , $-0.01 , 3 , $-0.08 ,700%
Build-A-Bear Workshop Inc. (BBW) ,BBW,263610000, 10/29/2015 , Sep 2015 , $0.22 , 3 , $0.1 ,-54.55%
Bunge Limited (BG) ,BG,9900000000, 10/29/2015 , Sep 2015 , $1.57 , 4 , $1.24 ,-21.02%
Cabot Microelectronics Corporation (CCMP) ,CCMP,1030000000, 10/29/2015 , Sep 2015 , $0.55 , 1 , $0.5 ,-9.09%
Calix Inc (CALX) ,CALX,363480000, 10/29/2015 , Sep 2015 , $0 , 2 , $0.11 ,∞%
Camden Property Trust (CPT) ,CPT,6410000000, 10/29/2015 , Sep 2015 , $1.15 , 13 , $1.14 ,-0.87%
Camtek Ltd. (CAMT) ,CAMT,85660000, 10/29/2015 , Sep 2015 , $0.04 , 1 , $0.03 ,-25%
Capitol Federal Financial Inc. (CFFN) ,CFFN,1800000000, 10/29/2015 , Sep 2015 , $0.14 , 2 , $0.14 ,0%
Carbo Ceramics Inc. (CRR) ,CRR,407970000, 10/29/2015 , Sep 2015 , $-0.63 , 6 , $-0.35 ,-44.44%
Cardtronics Inc. (CATM) ,CATM,1550000000, 10/29/2015 , Sep 2015 , $0.68 , 3 , $0.71 ,4.41%
Care.com Inc. (CRCM) ,CRCM,192660000, 10/29/2015 , Sep 2015 , $-0.28 , 2 , $-0.23 ,-17.86%
Carolina Bank Holdings Inc. (CLBH) ,CLBH,73390000, 10/29/2015 , Sep 2015 , $0.32 , 1 , $0.29 ,-9.38%
Carter's Inc. (CRI) ,CRI,4720000000, 10/29/2015 , Sep 2015 , $1.46 , 5 , $1.52 ,4.11%
Cascade Microtech Inc. (CSCD) ,CSCD,254820000, 10/29/2015 , Sep 2015 , $0.19 , 3 , $0.2 ,5.26%
Cash America International Inc. (CSH) ,CSH,918080000, 10/29/2015 , Sep 2015 , $0.19 , 4 , $0.23 ,21.05%
Cavco Industries Inc. (CVCO) ,CVCO,874940000, 10/29/2015 , Sep 2015 , $n/a , 0 , $0.89 ,n/a
Cenovus Energy Inc (CVE) ,CVE,12420000000, 10/29/2015 , Sep 2015 , $0.02 , 3 , $-0.03 ,-250%
Centrue Financial Corporation (CFCB) ,CFCB,115100000, 10/29/2015 , Sep 2015 , $n/a , 0 , $0.11 ,n/a
Century Aluminum Company (CENX) ,CENX,314580000, 10/29/2015 , Sep 2015 , $-0.26 , 5 , $-0.48 ,84.62%
Chart Industries Inc. (GTLS) ,GTLS,525060000, 10/29/2015 , Sep 2015 , $0.32 , 11 , $0.26 ,-18.75%
Charter Communications Inc. (CHTR) ,CHTR,21430000000, 10/29/2015 , Sep 2015 , $0.39 , 6 , $0.48 ,23.08%
Charter Financial Corp. (CHFN) ,CHFN,214020000, 10/29/2015 , Sep 2015 , $0.12 , 1 , $0.12 ,0%
Chemung Financial Corp (CHMG) ,CHMG,124550000, 10/29/2015 , Sep 2015 , $n/a , 0 , $0.52 ,n/a
China Petroleum & Chemical Corporation (SNP) ,SNP,85260000000, 10/29/2015 , Sep 2015 , $0.01 , 1 , $0.2 ,1900%
Chunghwa Telecom Co. Ltd. (CHT) ,CHT,23770000000, 10/29/2015 , Sep 2015 , $n/a , 0 , $0.47 ,n/a
Ciber Inc. (CBR) ,CBR,282440000, 10/29/2015 , Sep 2015 , $0.03 , 2 , $0.01 ,-66.67%
Citizens Financial Services Inc. (CZFS) ,CZFS,, 10/29/2015 , Sep 2015 , $n/a , 0 , $0.95 ,n/a
Clearwater Paper Corporation (CLW) ,CLW,961000000, 10/29/2015 , Sep 2015 , $1.15 , 1 , $1.35 ,17.39%
Cliffs Natural Resources Inc. (CLF) ,CLF,423450000, 10/29/2015 , Sep 2015 , $-0.23 , 10 , $-0.15 ,-34.78%
CME Group Inc. (CME) ,CME,31910000000, 10/29/2015 , Sep 2015 , $0.98 , 9 , $1.02 ,4.08%
CMS Energy Corporation (CMS) ,CMS,10020000000, 10/29/2015 , Sep 2015 , $0.49 , 6 , $0.53 ,8.16%
CNH Industrial N.V. (CNHI) ,CNHI,9240000000, 10/29/2015 , Sep 2015 , $0.11 , 5 , $0.03 ,-72.73%
Coca-Cola Enterprises Inc. (CCE) ,CCE,11650000000, 10/29/2015 , Sep 2015 , $0.81 , 7 , $0.84 ,3.7%
Cohu Inc. (COHU) ,COHU,328710000, 10/29/2015 , Sep 2015 , $-0.04 , 1 , $0.11 ,-375%
Columbia Banking System Inc. (COLB) ,COLB,1920000000, 10/29/2015 , Sep 2015 , $0.47 , 4 , $0.45 ,-4.26%
Columbia Property Trust Inc. (CXP) ,CXP,3110000000, 10/29/2015 , Sep 2015 , $0.44 , 2 , $0.47 ,6.82%
Columbia Sportswear Company (COLM) ,COLM,3860000000, 10/29/2015 , Sep 2015 , $1.07 , 7 , $1.28 ,19.63%
Comfort Systems USA Inc. (FIX) ,FIX,1200000000, 10/29/2015 , Sep 2015 , $0.3 , 3 , $0.46 ,53.33%
Companhia Brasileira de Distribuicao (CBD) ,CBD,3490000000, 10/29/2015 , Sep 2015 , $0.04 , 1 , $0.66 ,1550%
Computer Programs and Systems Inc. (CPSI) ,CPSI,429620000, 10/29/2015 , Sep 2015 , $0.53 , 12 , $0.31 ,-41.51%
ConocoPhillips (COP) ,COP,65810000000, 10/29/2015 , Sep 2015 , $-0.38 , 10 , $-0.38 ,-0%
Control4 Corporation (CTRL) ,CTRL,158710000, 10/29/2015 , Sep 2015 , $0.06 , 1 , $0.08 ,33.33%
Corporate Office Properties Trust (OFC) ,OFC,2170000000, 10/29/2015 , Sep 2015 , $0.52 , 10 , $0.52 ,0%
Cowen Group Inc. (COWN) ,COWN,463090000, 10/29/2015 , Sep 2015 , $-0.1 , 1 , $-0.13 ,30%
CPB Inc. (CPF) ,CPF,700530000, 10/29/2015 , Sep 2015 , $0.34 , 2 , $0.38 ,11.76%
CRA InternationalInc. (CRAI) ,CRAI,212230000, 10/29/2015 , Sep 2015 , $0.37 , 1 , $0.32 ,-13.51%
Cray Inc (CRAY) ,CRAY,1200000000, 10/29/2015 , Sep 2015 , $-0.16 , 1 , $0.42 ,-362.5%
Credit Acceptance Corporation (CACC) ,CACC,3890000000, 10/29/2015 , Sep 2015 , $3.71 , 1 , $3.77 ,1.62%
CRH Medical Corporation (CRHM) ,CRHM,201720000, 10/29/2015 , Sep 2015 , $n/a , 0 , $0.02 ,n/a
CVR Energy Inc. (CVI) ,CVI,3860000000, 10/29/2015 , Sep 2015 , $n/a , 0 , $0.93 ,n/a
CVR Partners LP (UAN) ,UAN,666880000, 10/29/2015 , Sep 2015 , $0.03 , 2 , $-0.07 ,-333.33%
CVR Refining LP (CVRR) ,CVRR,3240000000, 10/29/2015 , Sep 2015 , $1.03 , 2 , $0.94 ,-8.74%
Cytokinetics Incorporated (CYTK) ,CYTK,333640000, 10/29/2015 , Sep 2015 , $-0.29 , 4 , $-0.23 ,-20.69%
Data I/O Corporation (DAIO) ,DAIO,23790000, 10/29/2015 , Sep 2015 , $n/a , 0 , $0.05 ,n/a
DCT Industrial Trust Inc (DCT) ,DCT,3280000000, 10/29/2015 , Sep 2015 , $0.5 , 8 , $0.5 ,0%
Deckers Outdoor Corporation (DECK) ,DECK,1820000000, 10/29/2015 , Sep 2015 , $1.07 , 8 , $1.11 ,3.74%
Delphi Automotive plc (DLPH) ,DLPH,23300000000, 10/29/2015 , Sep 2015 , $1.28 , 8 , $1.28 ,0%
Deutsche Bank AG (DB) ,DB,38540000000, 10/29/2015 , Sep 2015 , $n/a , 0 , $-0.19 ,n/a
Diebold Incorporated (DBD) ,DBD,2400000000, 10/29/2015 , Sep 2015 , $0.4 , 4 , $0.36 ,-10%
Digi International Inc. (DGII) ,DGII,322310000, 10/29/2015 , Sep 2015 , $0.06 , 3 , $0.12 ,100%
Digital Realty Trust Inc. (DLR) ,DLR,10050000000, 10/29/2015 , Sep 2015 , $1.28 , 9 , $1.28 ,0%
DigitalGlobe Inc (DGI) ,DGI,1050000000, 10/29/2015 , Sep 2015 , $0.12 , 6 , $0.12 ,0%
DineEquity Inc (DIN) ,DIN,1570000000, 10/29/2015 , Sep 2015 , $1.42 , 4 , $1.43 ,0.7%
Dover Downs Gaming & Entertainment Inc (DDE) ,DDE,32860000, 10/29/2015 , Sep 2015 , $n/a , 0 , $0.03 ,n/a
Dover Motorsports Inc. (DVD) ,DVD,82650000, 10/29/2015 , Sep 2015 , $n/a , 0 , $-0.06 ,n/a
Dr. Reddy's Laboratories Ltd (RDY) ,RDY,11040000000, 10/29/2015 , Sep 2015 , $n/a , 0 , $0.64 ,n/a
Dril-Quip Inc. (DRQ) ,DRQ,2380000000, 10/29/2015 , Sep 2015 , $1.16 , 7 , $1.19 ,2.59%
Dupont Fabros Technology Inc. (DFT) ,DFT,2100000000, 10/29/2015 , Sep 2015 , $0.61 , 9 , $0.62 ,1.64%
Eastman Chemical Company (EMN) ,EMN,10730000000, 10/29/2015 , Sep 2015 , $1.82 , 7 , $1.84 ,1.1%
Ecology and Environment Inc. (EEI) ,EEI,45490000, 10/29/2015 , Jul 2015 , $n/a , 0 , $0.21 ,n/a
eHealth Inc. (EHTH) ,EHTH,216060000, 10/29/2015 , Sep 2015 , $0 , 3 , $0.21 ,∞%
Electronic Arts Inc. (EA) ,EA,22470000000, 10/29/2015 , Sep 2015 , $0.33 , 5 , $0.52 ,57.58%
Embotelladora Andina S.A. (AKO.B) ,AKO.B,2790000000, 10/29/2015 , Sep 2015 , $0.1 , 1 , $0.09 ,-10%
EMCOR Group Inc. (EME) ,EME,3030000000, 10/29/2015 , Sep 2015 , $0.71 , 4 , $0.66 ,-7.04%
Empire District Electric Company (The) (EDE) ,EDE,985960000, 10/29/2015 , Sep 2015 , $0.6 , 1 , $0.58 ,-3.33%
ENI S.p.A. (E) ,E,59240000000, 10/29/2015 , Sep 2015 , $n/a , 0 , $-0.16 ,n/a
Enpro Industries (NPO) ,NPO,1080000000, 10/29/2015 , Sep 2015 , $0.56 , 2 , $0.44 ,-21.43%
Entegra Financial Corp. (ENFC) ,ENFC,114040000, 10/29/2015 , Sep 2015 , $n/a , 0 , $0.26 ,n/a
Enterprise Products Partners L.P. (EPD) ,EPD,55350000000, 10/29/2015 , Sep 2015 , $0.32 , 14 , $0.34 ,6.25%
Erie Indemnity Company (ERIE) ,ERIE,4040000000, 10/29/2015 , Sep 2015 , $1.06 , 1 , $0.95 ,-10.38%
Escalade Incorporated (ESCA) ,ESCA,209400000, 10/29/2015 , Sep 2015 , $0.19 , 1 , $0.14 ,-26.32%
Essex Property Trust Inc. (ESS) ,ESS,14490000000, 10/29/2015 , Sep 2015 , $2.45 , 15 , $2.49 ,1.63%
Etablissements Delhaize Freres et Cie "Le Lion" S.A. (DEG) ,DEG,9560000000, 10/29/2015 , Sep 2015 , $n/a , 0 , $0.3 ,n/a
Euronav NV (EURN) ,EURN,2380000000, 10/29/2015 , Sep 2015 , $0.51 , 6 , $0.46 ,-9.8%
EXACT Sciences Corporation (EXAS) ,EXAS,800410000, 10/29/2015 , Sep 2015 , $-0.44 , 7 , $-0.45 ,2.27%
ExlService Holdings Inc. (EXLS) ,EXLS,1470000000, 10/29/2015 , Sep 2015 , $0.45 , 5 , $0.5 ,11.11%
Expedia Inc. (EXPE) ,EXPE,17600000000, 10/29/2015 , Sep 2015 , $1.91 , 8 , $1.59 ,-16.75%
Extreme Networks Inc. (EXTR) ,EXTR,363720000, 10/29/2015 , Sep 2015 , $-0.01 , 1 , $0.02 ,-300%
Fairway Group Holdings Corp. (FWM) ,FWM,51150000, 10/29/2015 , Sep 2015 , $-0.21 , 2 , $-0.19 ,-9.52%
Fiesta Restaurant Group Inc. (FRGI) ,FRGI,948750000, 10/29/2015 , Sep 2015 , $0.38 , 5 , $0.33 ,-13.16%
First Capital Bancorp Inc. (VA) (FCVA) ,FCVA,70830000, 10/29/2015 , Sep 2015 , $n/a , 0 , $0.09 ,n/a
First Potomac Realty Trust (FPO) ,FPO,692760000, 10/29/2015 , Sep 2015 , $0.24 , 7 , $0.25 ,4.17%
First Solar Inc. (FSLR) ,FSLR,5760000000, 10/29/2015 , Sep 2015 , $1.55 , 8 , $3.38 ,118.06%
FirstEnergy Corporation (FE) ,FE,13200000000, 10/29/2015 , Sep 2015 , $0.86 , 8 , $0.97 ,12.79%
Flowserve Corporation (FLS) ,FLS,6070000000, 10/29/2015 , Sep 2015 , $0.78 , 12 , $0.81 ,3.85%
Fluidigm Corporation (FLDM) ,FLDM,310390000, 10/29/2015 , Sep 2015 , $-0.54 , 2 , $-0.3 ,-44.44%
Fluor Corporation (FLR) ,FLR,6770000000, 10/29/2015 , Sep 2015 , $1.13 , 13 , $1.21 ,7.08%
Foresight Energy LP (FELP) ,FELP,768850000, 10/29/2015 , Sep 2015 , $0.15 , 8 , $0.1 ,-33.33%
Fortress Investment Group LLC (FIG) ,FIG,2480000000, 10/29/2015 , Sep 2015 , $0.17 , 2 , $0.15 ,-11.76%
Fresenius Medical Care Corporation (FMS) ,FMS,27390000000, 10/29/2015 , Sep 2015 , $0.45 , 5 , $0.43 ,-4.44%
FTI Consulting Inc. (FCN) ,FCN,1430000000, 10/29/2015 , Sep 2015 , $0.52 , 4 , $0.53 ,1.92%
Gaming and Leisure Properties Inc. (GLPI) ,GLPI,3340000000, 10/29/2015 , Sep 2015 , $0.64 , 2 , $0.69 ,7.81%
GasLog Partners LP (GLOP) ,GLOP,585740000, 10/29/2015 , Sep 2015 , $0.61 , 5 , $0.56 ,-8.2%
Gentherm Inc (THRM) ,THRM,1770000000, 10/29/2015 , Sep 2015 , $0.58 , 7 , $0.76 ,31.03%
Genworth Financial Inc (GNW) ,GNW,2330000000, 10/29/2015 , Sep 2015 , $0.23 , 5 , $0.13 ,-43.48%
Gerdau S.A. (GGB) ,GGB,2340000000, 10/29/2015 , Sep 2015 , $0.05 , 1 , $0.03 ,-40%
GlobalSCAPE Inc. (GSB) ,GSB,78890000, 10/29/2015 , Sep 2015 , $n/a , 0 , $0.06 ,n/a
GNC Holdings Inc. (GNC) ,GNC,2460000000, 10/29/2015 , Sep 2015 , $0.84 , 7 , $0.76 ,-9.52%
Goldcorp Inc. (GG) ,GG,10640000000, 10/29/2015 , Sep 2015 , $0.05 , 12 , $-0.04 ,-180%
Government Properties Income Trust (GOV) ,GOV,1160000000, 10/29/2015 , Sep 2015 , $0.59 , 4 , $0.59 ,0%
GP Strategies Corporation (GPX) ,GPX,431390000, 10/29/2015 , Sep 2015 , $0.34 , 3 , $0.3 ,-11.76%
Great Western Bancorp Inc. (GWB) ,GWB,1560000000, 10/29/2015 , Sep 2015 , $0.49 , 3 , $0.6 ,22.45%
Greatbatch Inc. (GB) ,GB,1370000000, 10/29/2015 , Sep 2015 , $0.48 , 3 , $0.58 ,20.83%
Grupo Financiero Santander Mexico S.A. B. de C.V. (BSMX) ,BSMX,12400000000, 10/29/2015 , Sep 2015 , $0.17 , 3 , $0.16 ,-5.88%
GSI Technology Inc. (GSIT) ,GSIT,95510000, 10/29/2015 , Sep 2015 , $n/a , 0 , $-0.02 ,n/a
GTx Inc. (GTXI) ,GTXI,148800000, 10/29/2015 , Sep 2015 , $-0.05 , 1 , $-0.04 ,-20%
Gulf Island Fabrication Inc. (GIFI) ,GIFI,147030000, 10/29/2015 , Sep 2015 , $n/a , 0 , $0.11 ,n/a
H&E Equipment Services Inc. (HEES) ,HEES,680760000, 10/29/2015 , Sep 2015 , $0.43 , 1 , $0.42 ,-2.33%
Handy & Harman Ltd. (HNH) ,HNH,290040000, 10/29/2015 , Sep 2015 , $n/a , 0 , $0.37 ,n/a
Harman International Industries Incorporated (HAR) ,HAR,7820000000, 10/29/2015 , Sep 2015 , $1.41 , 8 , $1.48 ,4.96%
Harvard Bioscience Inc. (HBIO) ,HBIO,99740000, 10/29/2015 , Sep 2015 , $0.05 , 1 , $0.02 ,-60%
Healthways Inc. (HWAY) ,HWAY,421740000, 10/29/2015 , Sep 2015 , $0.01 , 8 , $0.14 ,1300%
Heartware International Inc. (HTWR) ,HTWR,747200000, 10/29/2015 , Sep 2015 , $-0.53 , 9 , $-1.36 ,156.6%
Heritage Oaks Bancorp (HEOP) ,HEOP,302310000, 10/29/2015 , Sep 2015 , $0.13 , 3 , $0.12 ,-7.69%
HomeTrust Bancshares Inc. (HTBI) ,HTBI,362790000, 10/29/2015 , Sep 2015 , $0.16 , 2 , $0.17 ,6.25%
Host Hotels & Resorts Inc. (HST) ,HST,13020000000, 10/29/2015 , Sep 2015 , $0.32 , 10 , $0.34 ,6.25%
icad inc. (ICAD) ,ICAD,61470000, 10/29/2015 , Sep 2015 , $-0.07 , 1 , $-0.03 ,-57.14%
ICF International Inc. (ICFI) ,ICFI,594090000, 10/29/2015 , Sep 2015 , $0.78 , 4 , $0.75 ,-3.85%
IDACORP Inc. (IDA) ,IDA,3370000000, 10/29/2015 , Sep 2015 , $1.56 , 2 , $1.46 ,-6.41%
Immersion Corporation (IMMR) ,IMMR,365500000, 10/29/2015 , Sep 2015 , $-0.05 , 2 , $0.04 ,-180%
Imperva Inc. (IMPV) ,IMPV,2210000000, 10/29/2015 , Sep 2015 , $-0.52 , 5 , $-0.19 ,-63.46%
IMS Health Holdings Inc. (IMS) ,IMS,8940000000, 10/29/2015 , Sep 2015 , $0.32 , 4 , $0.36 ,12.5%
INC Research Holdings Inc. (INCR) ,INCR,2360000000, 10/29/2015 , Sep 2015 , $0.41 , 1 , $0.56 ,36.59%
inContact Inc. (SAAS) ,SAAS,548110000, 10/29/2015 , Sep 2015 , $-0.11 , 6 , $-0.09 ,-18.18%
Independence Contract Drilling Inc. (ICD) ,ICD,171850000, 10/29/2015 , Sep 2015 , $-0.09 , 4 , $-0.05 ,-44.44%
Independent Bank Corporation (IBCP) ,IBCP,327690000, 10/29/2015 , Sep 2015 , $0.23 , 2 , $0.22 ,-4.35%
Ingram Micro Inc. (IM) ,IM,4640000000, 10/29/2015 , Sep 2015 , $0.63 , 4 , $0.67 ,6.35%
Ingredion Incorporated (INGR) ,INGR,6780000000, 10/29/2015 , Sep 2015 , $1.51 , 1 , $1.64 ,8.61%
Innodata Inc. (INOD) ,INOD,59800000, 10/29/2015 , Sep 2015 , $n/a , 0 , $0.02 ,n/a
Institutional Financial Markets Inc. (IFMI) ,IFMI,21840000, 10/29/2015 , Sep 2015 , $n/a , 0 , $-0.03 ,n/a
Inteliquent Inc. (IQNT) ,IQNT,696080000, 10/29/2015 , Sep 2015 , $0.23 , 4 , $0.24 ,4.35%
Intelsat S.A. (I) ,I,710330000, 10/29/2015 , Sep 2015 , $0.37 , 4 , $0.85 ,129.73%
Invesco Plc (IVZ) ,IVZ,14060000000, 10/29/2015 , Sep 2015 , $0.62 , 10 , $0.61 ,-1.61%
Investors Bancorp Inc. (ISBC) ,ISBC,4320000000, 10/29/2015 , Sep 2015 , $0.13 , 6 , $0.14 ,7.69%
Iridium Communications Inc (IRDM) ,IRDM,778720000, 10/29/2015 , Sep 2015 , $0.18 , 3 , $0.24 ,33.33%
IXYS Corporation (IXYS) ,IXYS,397950000, 10/29/2015 , Sep 2015 , $n/a , 0 , $0.14 ,n/a
Jarden Corporation (JAH) ,JAH,9460000000, 10/29/2015 , Sep 2015 , $0.8 , 11 , $0.8 ,0%
Johnson Controls Inc. (JCI) ,JCI,29550000000, 10/29/2015 , Sep 2015 , $1.01 , 10 , $1.07 ,5.94%
Kaman Corporation (KAMN) ,KAMN,1050000000, 10/29/2015 , Sep 2015 , $0.62 , 2 , $0.62 ,0%
Kearny Financial (KRNY) ,KRNY,1120000000, 10/29/2015 , Sep 2015 , $0.05 , 1 , $0.03 ,-40%
Kemet Corporation (KEM) ,KEM,127260000, 10/29/2015 , Sep 2015 , $-0.01 , 1 , $0.06 ,-700%
Keryx Biopharmaceuticals Inc. (KERX) ,KERX,471260000, 10/29/2015 , Sep 2015 , $-0.25 , 6 , $-0.29 ,16%
Kite Realty Group Trust (KRG) ,KRG,2200000000, 10/29/2015 , Sep 2015 , $0.5 , 8 , $0.51 ,2%
Koss Corporation (KOSS) ,KOSS,18680000, 10/29/2015 , Sep 2015 , $n/a , 0 , $-0.01 ,n/a
Kyocera Corporation (KYO) ,KYO,16590000000, 10/29/2015 , Sep 2015 , $n/a , 0 , $0.43 ,n/a
L-3 Communications Holdings Inc. (LLL) ,LLL,10150000000, 10/29/2015 , Sep 2015 , $1.8 , 8 , $2.09 ,16.11%
Lake Shore Gold Corp (LSG) ,LSG,406070000, 10/29/2015 , Sep 2015 , $-0.01 , 2 , $-0.01 ,-0%
Lancaster Colony Corporation (LANC) ,LANC,3110000000, 10/29/2015 , Sep 2015 , $0.9 , 2 , $1.01 ,12.22%
Lantronix Inc. (LTRX) ,LTRX,18430000, 10/29/2015 , Sep 2015 , $-0.07 , 1 , $-0.01 ,-85.71%
Lattice Semiconductor Corporation (LSCC) ,LSCC,538680000, 10/29/2015 , Sep 2015 , $-0.09 , 2 , $-0.08 ,-11.11%
Leggett & Platt Incorporated (LEG) ,LEG,6160000000, 10/29/2015 , Sep 2015 , $0.56 , 3 , $0.67 ,19.64%
Leidos Holdings Inc. (LDOS) ,LDOS,3790000000, 10/29/2015 , Sep 2015 , $0.62 , 4 , $0.71 ,14.52%
LendingClub Corporation (LC) ,LC,5320000000, 10/29/2015 , Sep 2015 , $-0.01 , 3 , $0.01 ,-200%
LinkedIn Corporation (LNKD) ,LNKD,31570000000, 10/29/2015 , Sep 2015 , $-0.32 , 5 , $-0.06 ,-81.25%
Live Nation Entertainment Inc. (LYV) ,LYV,5520000000, 10/29/2015 , Sep 2015 , $0.43 , 6 , $0.44 ,2.33%
LKQ Corporation (LKQ) ,LKQ,9030000000, 10/29/2015 , Sep 2015 , $0.33 , 8 , $0.34 ,3.03%
LPL Financial Holdings Inc. (LPLA) ,LPLA,4059999000, 10/29/2015 , Sep 2015 , $0.53 , 1 , $0.51 ,-3.77%
MagnaChip Semiconductor Corporation (MX) ,MX,182850000, 10/29/2015 , Sep 2015 , $n/a , 0 , $-0.31 ,n/a
Majesco (MJCO) ,MJCO,159290000, 10/29/2015 , Sep 2015 , $n/a , 0 , $-0.02 ,n/a
MakeMyTrip Limited (MMYT) ,MMYT,670110000, 10/29/2015 , Sep 2015 , $n/a , 0 , $-0.26 ,n/a
Manhattan Bridge Capital Inc (LOAN) ,LOAN,29040000, 10/29/2015 , Sep 2015 , $n/a , 0 , $0.09 ,n/a
Marathon Petroleum Corporation (MPC) ,MPC,27770000000, 10/29/2015 , Sep 2015 , $1.8 , 9 , $1.76 ,-2.22%
Marinus Pharmaceuticals Inc. (MRNS) ,MRNS,96780000, 10/29/2015 , Sep 2015 , $-0.51 , 2 , $-0.35 ,-31.37%
Mastercard Incorporated (MA) ,MA,109770000000, 10/29/2015 , Sep 2015 , $0.88 , 20 , $0.91 ,3.41%
Materion Corporation (MTRN) ,MTRN,606760000, 10/29/2015 , Sep 2015 , $0.42 , 2 , $0.4 ,-4.76%
Mattson Technology Inc. (MTSN) ,MTSN,175750000, 10/29/2015 , Sep 2015 , $0 , 3 , $0.03 ,∞%
Maxwell Technologies Inc. (MXWL) ,MXWL,190890000, 10/29/2015 , Sep 2015 , $-0.1 , 3 , $-0.05 ,-50%
McGrath RentCorp (MGRC) ,MGRC,775720000, 10/29/2015 , Sep 2015 , $0.49 , 2 , $0.54 ,10.2%
McKesson Corporation (MCK) ,MCK,41140000000, 10/29/2015 , Sep 2015 , $2.97 , 9 , $3.31 ,11.45%
Mednax Inc (MD) ,MD,6630000000, 10/29/2015 , Sep 2015 , $0.97 , 12 , $1.04 ,7.22%
Mercer International Inc. (MERC) ,MERC,696620000, 10/29/2015 , Sep 2015 , $0.39 , 1 , $0.37 ,-5.13%
Meredith Corporation (MDP) ,MDP,2100000000, 10/29/2015 , Sep 2015 , $0.51 , 3 , $0.52 ,1.96%
Meritage Corporation (MTH) ,MTH,1400000000, 10/29/2015 , Sep 2015 , $0.79 , 6 , $0.73 ,-7.59%
MGM Resorts International (MGM) ,MGM,13060000000, 10/29/2015 , Sep 2015 , $0.03 , 8 , $0.15 ,400%
Midcoast Energy Partners L.P. (MEP) ,MEP,569770000, 10/29/2015 , Sep 2015 , $-0.18 , 3 , $-0.02 ,-88.89%
MiMedx Group Inc (MDXG) ,MDXG,792850000, 10/29/2015 , Sep 2015 , $0.06 , 4 , $0.06 ,0%
MIND C.T.I. Ltd. (MNDO) ,MNDO,49520000, 10/29/2015 , Sep 2015 , $n/a , 0 , $0.08 ,n/a
MobileIron Inc. (MOBL) ,MOBL,304120000, 10/29/2015 , Sep 2015 , $-0.25 , 2 , $-0.29 ,16%
Modine Manufacturing Company (MOD) ,MOD,402490000, 10/29/2015 , Sep 2015 , $0.09 , 2 , $0.04 ,-55.56%
Molina Healthcare Inc (MOH) ,MOH,3480000000, 10/29/2015 , Sep 2015 , $0.7 , 10 , $0.77 ,10%
Monster Worldwide Inc. (MWW) ,MWW,572390000, 10/29/2015 , Sep 2015 , $0.08 , 2 , $0.09 ,12.5%
MPLX LP (MPLX) ,MPLX,3120000000, 10/29/2015 , Sep 2015 , $0.55 , 6 , $0.41 ,-25.45%
MSCI Inc (MSCI) ,MSCI,7350000000, 10/29/2015 , Sep 2015 , $0.53 , 6 , $0.6 ,13.21%
Myers Industries Inc. (MYE) ,MYE,483880000, 10/29/2015 , Sep 2015 , $0.15 , 2 , $0.09 ,-40%
Nanometrics Incorporated (NANO) ,NANO,369170000, 10/29/2015 , Sep 2015 , $0.02 , 3 , $0.05 ,150%
National Bankshares Inc. (NKSH) ,NKSH,227060000, 10/29/2015 , Sep 2015 , $n/a , 0 , $0.6 ,n/a
National Penn Bancshares Inc. (NPBC) ,NPBC,1690000000, 10/29/2015 , Sep 2015 , $0.2 , 6 , $0.21 ,5%
NeoGenomics Inc. (NEO) ,NEO,426600000, 10/29/2015 , Sep 2015 , $0 , 4 , $0 ,�%
NetScout Systems Inc. (NTCT) ,NTCT,3670000000, 10/29/2015 , Sep 2015 , $0.29 , 2 , $0.42 ,44.83%
Neurocrine Biosciences Inc. (NBIX) ,NBIX,4230000000, 10/29/2015 , Sep 2015 , $-0.26 , 9 , $-0.4 ,53.85%
Neustar Inc. (NSR) ,NSR,1480000000, 10/29/2015 , Sep 2015 , $1 , 3 , $1.17 ,17%
Nevsun Resources Ltd (NSU) ,NSU,599340000, 10/29/2015 , Sep 2015 , $0.03 , 2 , $0.01 ,-66.67%
New Media Investment Group Inc. (NEWM) ,NEWM,719290000, 10/29/2015 , Sep 2015 , $0.21 , 1 , $0.14 ,-33.33%
New York Times Company (The) (NYT) ,NYT,2200000000, 10/29/2015 , Sep 2015 , $0.06 , 4 , $0.09 ,50%
Newpark Resources Inc. (NR) ,NR,476270000, 10/29/2015 , Sep 2015 , $-0.08 , 4 , $-0.05 ,-37.5%
NICE-Systems Limited (NICE) ,NICE,3660000000, 10/29/2015 , Sep 2015 , $0.58 , 2 , $0.68 ,17.24%
Nicholas Financial Inc. (NICK) ,NICK,102400000, 10/29/2015 , Sep 2015 , $n/a , 0 , $0.42 ,n/a
Nokia Corporation (NOK) ,NOK,27300000000, 10/29/2015 , Sep 2015 , $0.08 , 6 , $0.09 ,12.5%
Novo Nordisk A/S (NVO) ,NVO,140930000000, 10/29/2015 , Sep 2015 , $0.47 , 2 , $0.49 ,4.26%
Nu Skin Enterprises Inc. (NUS) ,NUS,2210000000, 10/29/2015 , Sep 2015 , $0.84 , 4 , $0.84 ,0%
Oaktree Capital Group LLC (OAK) ,OAK,7680000000, 10/29/2015 , Sep 2015 , $0.08 , 7 , $0.11 ,37.5%
Oil States International Inc. (OIS) ,OIS,1540000000, 10/29/2015 , Sep 2015 , $0.02 , 8 , $0.11 ,450%
Old Dominion Freight Line Inc. (ODFL) ,ODFL,5280000000, 10/29/2015 , Sep 2015 , $1 , 9 , $0.99 ,-1%
Omnicell Inc. (OMCL) ,OMCL,976650000, 10/29/2015 , Sep 2015 , $0.27 , 2 , $0.25 ,-7.41%
ON Semiconductor Corporation (ON) ,ON,4540000000, 10/29/2015 , Sep 2015 , $0.23 , 12 , $0.23 ,0%
Orchid Island Capital Inc. (ORC) ,ORC,203910000, 10/29/2015 , Sep 2015 , $n/a , 0 , $-0.42 ,n/a
Oshkosh Corporation (OSK) ,OSK,3220000000, 10/29/2015 , Sep 2015 , $0.78 , 7 , $0.67 ,-14.1%
OSI Systems Inc. (OSIS) ,OSIS,1700000000, 10/29/2015 , Sep 2015 , $0.51 , 1 , $0.53 ,3.92%
Outerwall Inc. (OUTR) ,OUTR,1090000000, 10/29/2015 , Sep 2015 , $1.63 , 8 , $2.21 ,35.58%
Park Sterling Corporation (PSTB) ,PSTB,325650000, 10/29/2015 , Sep 2015 , $0.11 , 3 , $0.11 ,0%
Patrick Industries Inc. (PATK) ,PATK,627040000, 10/29/2015 , Sep 2015 , $0.55 , 1 , $0.58 ,5.45%
PBF Energy Inc. (PBF) ,PBF,3230000000, 10/29/2015 , Sep 2015 , $1.51 , 7 , $1.85 ,22.52%
PBF Logistics LP (PBFX) ,PBFX,716070000, 10/29/2015 , Sep 2015 , $0.56 , 3 , $0.59 ,5.36%
PC Connection Inc. (PCCC) ,PCCC,613790000, 10/29/2015 , Sep 2015 , $0.47 , 2 , $0.49 ,4.26%
PCM Inc. (PCMI) ,PCMI,111000000, 10/29/2015 , Sep 2015 , $n/a , 0 , $0.09 ,n/a
PDF Solutions Inc. (PDFS) ,PDFS,333940000, 10/29/2015 , Sep 2015 , $0.1 , 2 , $0.05 ,-50%
Penske Automotive Group Inc. (PAG) ,PAG,4400000000, 10/29/2015 , Sep 2015 , $1.01 , 6 , $0.96 ,-4.95%
Peoples Bancorp Inc. (PEBO) ,PEBO,362770000, 10/29/2015 , Sep 2015 , $0.41 , 3 , $0.22 ,-46.34%
Pinnacle Entertainment Inc. (PNK) ,PNK,2130000000, 10/29/2015 , Sep 2015 , $0.43 , 5 , $0.36 ,-16.28%
Pinnacle Foods Inc. (PF) ,PF,5140000000, 10/29/2015 , Sep 2015 , $0.45 , 5 , $0.46 ,2.22%
Pioneer Energy Services Corp. (PES) ,PES,148990000, 10/29/2015 , Sep 2015 , $-0.24 , 7 , $-0.25 ,4.17%
Piper Jaffray Companies (PJC) ,PJC,537210000, 10/29/2015 , Sep 2015 , $0.94 , 1 , $0.48 ,-48.94%
Pitney Bowes Inc. (PBI) ,PBI,4170000000, 10/29/2015 , Sep 2015 , $0.42 , 2 , $0.43 ,2.38%
Potash Corporation of Saskatchewan Inc. (POT) ,POT,16890000000, 10/29/2015 , Sep 2015 , $0.38 , 7 , $0.34 ,-10.53%
PPL Corporation (PPL) ,PPL,23050000000, 10/29/2015 , Sep 2015 , $0.48 , 7 , $0.51 ,6.25%
Praxair Inc. (PX) ,PX,31640000000, 10/29/2015 , Sep 2015 , $1.44 , 11 , $1.46 ,1.39%
Premiere Global Services Inc. (PGI) ,PGI,640340000, 10/29/2015 , Sep 2015 , $0.16 , 2 , $0.19 ,18.75%
PriceSmart Inc. (PSMT) ,PSMT,2600000000, 10/29/2015 , Aug 2015 , $0.7 , 1 , $0.75 ,7.14%
Primo Water Corporation (PRMW) ,PRMW,221620000, 10/29/2015 , Sep 2015 , $0.01 , 2 , $0.05 ,400%
QLT Inc. (QLTI) ,QLTI,146870000, 10/29/2015 , Sep 2015 , $-0.1 , 1 , $-0.05 ,-50%
Quantum Corporation (QTM) ,QTM,219940000, 10/29/2015 , Sep 2015 , $-0.05 , 2 , $-0.04 ,-20%
Rediff.com India Limited (REDF) ,REDF,28970000, 10/29/2015 , Sep 2015 , $n/a , 0 , $-0.06 ,n/a
Regis Corporation (RGS) ,RGS,793330000, 10/29/2015 , Sep 2015 , $-0.09 , 1 , $-0.02 ,-77.78%
Reinsurance Group of America Incorporated (RGA) ,RGA,6000000000, 10/29/2015 , Sep 2015 , $2.25 , 4 , $1.9 ,-15.56%
Reis Inc (REIS) ,REIS,273310000, 10/29/2015 , Sep 2015 , $0.11 , 2 , $0.13 ,18.18%
Republic Services Inc. (RSG) ,RSG,15260000000, 10/29/2015 , Sep 2015 , $0.53 , 8 , $0.53 ,0%
Resolute Forest Products Inc. (RFP) ,RFP,667930000, 10/29/2015 , Sep 2015 , $0.09 , 2 , $0.15 ,66.67%
Riverview Bancorp Inc (RVSB) ,RVSB,106240000, 10/29/2015 , Sep 2015 , $0.07 , 1 , $0.07 ,0%
Royal Dutch Shell PLC (RDS.B) ,RDS.B,161280000000, 10/29/2015 , Sep 2015 , $n/a , 0 , $0.56 ,n/a
Royal Dutch Shell PLC (RDS.A) ,RDS.A,160570000000, 10/29/2015 , Sep 2015 , $0.93 , 2 , $0.56 ,-39.78%
RTI Surgical Inc. (RTIX) ,RTIX,242290000, 10/29/2015 , Sep 2015 , $0.05 , 2 , $0.05 ,0%
Ruckus Wireless Inc. (RKUS) ,RKUS,988090000, 10/29/2015 , Sep 2015 , $0.05 , 3 , $0.06 ,20%
Sabre Corporation (SABR) ,SABR,8140000000, 10/29/2015 , Sep 2015 , $0.28 , 6 , $0.27 ,-3.57%
Sanofi (SNY) ,SNY,131990000000, 10/29/2015 , Sep 2015 , $0.88 , 2 , $0.89 ,1.14%
Santander Consumer USA Holdings Inc. (SC) ,SC,6450000000, 10/29/2015 , Sep 2015 , $0.51 , 7 , $0.62 ,21.57%
Saul Centers Inc. (BFS) ,BFS,1190000000, 10/29/2015 , Sep 2015 , $0.74 , 2 , $0.75 ,1.35%
Scana Corporation (SCG) ,SCG,8460000000, 10/29/2015 , Sep 2015 , $0.96 , 3 , $0.93 ,-3.12%
ScanSource Inc. (SCSC) ,SCSC,953000000, 10/29/2015 , Sep 2015 , $0.57 , 1 , $0.68 ,19.3%
SciQuest Inc. (SQI) ,SQI,329860000, 10/29/2015 , Sep 2015 , $0.03 , 7 , $0.04 ,33.33%
Seattle Genetics Inc. (SGEN) ,SGEN,5200000000, 10/29/2015 , Sep 2015 , $-0.2 , 8 , $-0.21 ,5%
Second Sight Medical Products Inc. (EYES) ,EYES,210660000, 10/29/2015 , Sep 2015 , $-0.14 , 1 , $-0.13 ,-7.14%
Select Medical Holdings Corporation (SEM) ,SEM,1480000000, 10/29/2015 , Sep 2015 , $0.21 , 3 , $0.22 ,4.76%
Senomyx Inc. (SNMX) ,SNMX,220010000, 10/29/2015 , Sep 2015 , $-0.06 , 3 , $-0.05 ,-16.67%
Sequential Brands Group Inc. (SQBG) ,SQBG,500750000, 10/29/2015 , Sep 2015 , $0.08 , 5 , $0.11 ,37.5%
Sherwin-Williams Company (The) (SHW) ,SHW,24840000000, 10/29/2015 , Sep 2015 , $3.89 , 5 , $3.97 ,2.06%
Smith & Nephew SNATS Inc. (SNN) ,SNN,16219999000, 10/29/2015 , Sep 2015 , $n/a , 0 , $0.39 ,n/a
SolarCity Corporation (SCTY) ,SCTY,2880000000, 10/29/2015 , Sep 2015 , $-1.99 , 10 , $-2.1 ,5.53%
Solarwinds Inc. (SWI) ,SWI,4450000000, 10/29/2015 , Sep 2015 , $0.42 , 2 , $0.44 ,4.76%
Sony Corp Ord (SNE) ,SNE,35680000000, 10/29/2015 , Sep 2015 , $n/a , 0 , $0.22 ,n/a
Sound Financial Bancorp Inc. (SFBC) ,SFBC,51040000, 10/29/2015 , Sep 2015 , $n/a , 0 , $0.44 ,n/a
Standard Motor Products Inc. (SMP) ,SMP,1010000000, 10/29/2015 , Sep 2015 , $0.83 , 3 , $0.8 ,-3.61%
Standex International Corporation (SXI) ,SXI,1150000000, 10/29/2015 , Sep 2015 , $1.25 , 2 , $1.34 ,7.2%
Starbucks Corporation (SBUX) ,SBUX,92870000000, 10/29/2015 , Sep 2015 , $0.44 , 14 , $0.43 ,-2.27%
Starz (STRZA) ,STRZA,3410000000, 10/29/2015 , Sep 2015 , $0.59 , 5 , $0.56 ,-5.08%
Starz (STRZB) ,STRZB,3330000000, 10/29/2015 , Sep 2015 , $n/a , 0 , $0.56 ,n/a
Steven Madden Ltd. (SHOO) ,SHOO,2200000000, 10/29/2015 , Sep 2015 , $0.66 , 6 , $0.7 ,6.06%
STMicroelectronics N.V. (STM) ,STM,6050000000, 10/29/2015 , Sep 2015 , $0.1 , 4 , $0.12 ,20%
Sunstone Hotel Investors Inc. (SHO) ,SHO,3020000000, 10/29/2015 , Sep 2015 , $0.35 , 10 , $0.36 ,2.86%
Sussex Bancorp (SBBX) ,SBBX,60840000, 10/29/2015 , Sep 2015 , $0.2 , 1 , $0.21 ,5%
Tandem Diabetes Care Inc. (TNDM) ,TNDM,272230000, 10/29/2015 , Sep 2015 , $-0.77 , 9 , $-0.65 ,-15.58%
TEGNA Inc. (GCI) ,GCI,1820000000, 10/29/2015 , Sep 2015 , $0.37 , 2 , $0.43 ,16.22%
TeleCommunication Systems Inc. (TSYS) ,TSYS,249990000, 10/29/2015 , Sep 2015 , $0.04 , 3 , $0.1 ,150%
Teledyne Technologies Incorporated (TDY) ,TDY,3160000000, 10/29/2015 , Sep 2015 , $1.31 , 5 , $1.4 ,6.87%
Teleflex Incorporated (TFX) ,TFX,5530000000, 10/29/2015 , Sep 2015 , $1.56 , 8 , $1.6 ,2.56%
TeleNav Inc. (TNAV) ,TNAV,291870000, 10/29/2015 , Sep 2015 , $-0.27 , 3 , $-0.25 ,-7.41%
Tempur Sealy International Inc. (TPX) ,TPX,4820000000, 10/29/2015 , Sep 2015 , $1.08 , 9 , $1.11 ,2.78%
Territorial Bancorp Inc. (TBNK) ,TBNK,270980000, 10/29/2015 , Sep 2015 , $0.42 , 2 , $0.4 ,-4.76%
TESARO Inc. (TSRO) ,TSRO,1820000000, 10/29/2015 , Sep 2015 , $-1.53 , 3 , $-1.66 ,8.5%
Teva Pharmaceutical Industries Limited (TEVA) ,TEVA,50430000000, 10/29/2015 , Sep 2015 , $1.29 , 19 , $1.35 ,4.65%
Texas Pacific Land Trust (TPL) ,TPL,1230000000, 10/29/2015 , Sep 2015 , $n/a , 0 , $1.4 ,n/a
The Bancorp Inc. (TBBK) ,TBBK,271860000, 10/29/2015 , Sep 2015 , $0.02 , 1 , $-0.2 ,-1100%
The Dixie Group Inc. (DXYN) ,DXYN,104980000, 10/29/2015 , Sep 2015 , $0.17 , 1 , $0.03 ,-82.35%
The Goodyear Tire & Rubber Company (GT) ,GT,8830000000, 10/29/2015 , Sep 2015 , $0.98 , 5 , $0.99 ,1.02%
Time Warner Cable Inc (TWC) ,TWC,53640000000, 10/29/2015 , Sep 2015 , $1.55 , 13 , $1.62 ,4.52%
Timken Steel Corporation (TMST) ,TMST,473690000, 10/29/2015 , Sep 2015 , $-0.79 , 2 , $-0.69 ,-12.66%
TotalFinaElf S.A. (TOT) ,TOT,116480000000, 10/29/2015 , Sep 2015 , $0.72 , 1 , $1.17 ,62.5%
TriCo Bancshares (TCBK) ,TCBK,599680000, 10/29/2015 , Sep 2015 , $0.46 , 4 , $0.55 ,19.57%
TriMas Corporation (TRS) ,TRS,908600000, 10/29/2015 , Sep 2015 , $0.3 , 8 , $0.39 ,30%
Trimble Navigation Limited (TRMB) ,TRMB,5850000000, 10/29/2015 , Sep 2015 , $0.19 , 10 , $0.26 ,36.84%
Trinity Bank N.A. (TX) (TYBT) ,TYBT,, 10/29/2015 , Sep 2015 , $n/a , 0 , $0.84 ,n/a
Tuesday Morning Corp. (TUES) ,TUES,238340000, 10/29/2015 , Sep 2015 , $-0.15 , 1 , $-0.14 ,-6.67%
Ultra Petroleum Corp. (UPL) ,UPL,839830000, 10/29/2015 , Sep 2015 , $0.18 , 8 , $0.21 ,16.67%
Ultralife Corporation (ULBI) ,ULBI,106010000, 10/29/2015 , Sep 2015 , $n/a , 0 , $0.07 ,n/a
United Bankshares Inc. (UBSI) ,UBSI,2750000000, 10/29/2015 , Sep 2015 , $0.5 , 4 , $0.5 ,0%
UNIVERSAL INSURANCE HOLDINGS INC (UVE) ,UVE,1120000000, 10/29/2015 , Sep 2015 , $0.67 , 1 , $0.84 ,25.37%
US Ecology Inc. (ECOL) ,ECOL,851100000, 10/29/2015 , Sep 2015 , $0.6 , 5 , $0.46 ,-23.33%
Validus Holdings Ltd. (VR) ,VR,3670000000, 10/29/2015 , Sep 2015 , $0.72 , 5 , $0.86 ,19.44%
Versartis Inc. (VSAR) ,VSAR,303200000, 10/29/2015 , Sep 2015 , $-0.72 , 1 , $-0.69 ,-4.17%
Viad Corp (VVI) ,VVI,604590000, 10/29/2015 , Sep 2015 , $0.31 , 2 , $0.39 ,25.81%
Vical Incorporated (VICL) ,VICL,38410000, 10/29/2015 , Sep 2015 , $-0.04 , 3 , $0 ,-100%
Virgin America Inc. (VA) ,VA,1550000000, 10/29/2015 , Sep 2015 , $1.57 , 9 , $1.64 ,4.46%
VirtualScopics Inc. (VSCP) ,VSCP,13480000, 10/29/2015 , Sep 2015 , $n/a , 0 , $-0.02 ,n/a
Vista Gold Corporation (VGZ) ,VGZ,24040000, 10/29/2015 , Sep 2015 , $n/a , 0 , $-0.03 ,n/a
Wayside Technology Group Inc. (WSTG) ,WSTG,88770000, 10/29/2015 , Sep 2015 , $n/a , 0 , $0.33 ,n/a
Web.com Group Inc. (WWWW) ,WWWW,1200000000, 10/29/2015 , Sep 2015 , $0.51 , 4 , $0.56 ,9.8%
Weingarten Realty Investors (WRI) ,WRI,4430000000, 10/29/2015 , Sep 2015 , $0.55 , 7 , $0.56 ,1.82%
West Marine Inc. (WMAR) ,WMAR,251120000, 10/29/2015 , Sep 2015 , $0.18 , 1 , $0.2 ,11.11%
West Pharmaceutical Services Inc. (WST) ,WST,4320000000, 10/29/2015 , Sep 2015 , $0.43 , 2 , $0.44 ,2.33%
Western Union Company (The) (WU) ,WU,9730000000, 10/29/2015 , Sep 2015 , $0.44 , 15 , $0.45 ,2.27%
World Acceptance Corporation (WRLD) ,WRLD,342190000, 10/29/2015 , Sep 2015 , $2.12 , 2 , $2.22 ,4.72%
World Wrestling Entertainment Inc. (WWE) ,WWE,1350000000, 10/29/2015 , Sep 2015 , $0.06 , 1 , $0.14 ,133.33%
WSFS Financial Corporation (WSFS) ,WSFS,886330000, 10/29/2015 , Sep 2015 , $0.5 , 2 , $0.53 ,6%
Xcel Energy Inc. (XEL) ,XEL,18070000000, 10/29/2015 , Sep 2015 , $0.8 , 9 , $0.84 ,5%
Xylem Inc. (XYL) ,XYL,6530000000, 10/29/2015 , Sep 2015 , $0.48 , 10 , $0.49 ,2.08%
Yamana Gold Inc. (AUY) ,AUY,2069999000, 10/29/2015 , Sep 2015 , $-0.02 , 9 , $-0.02 ,-0%
YRC Worldwide Inc. (YRCW) ,YRCW,598070000, 10/29/2015 , Sep 2015 , $0.43 , 4 , $0.61 ,41.86%
Zimmer Biomet Holdings Inc. (ZBH) ,ZBH,21270000000, 10/29/2015 , Sep 2015 , $1.55 , 16 , $1.64 ,5.81%
Aaron's Inc. (AAN) ,AAN,1790000000, 10/30/2015 , Sep 2015 , $0.48 , 7 , $0.39 ,-18.75%
AbbVie Inc. (ABBV) ,ABBV,98570000000, 10/30/2015 , Sep 2015 , $1.07 , 9 , $1.13 ,5.61%
Allegiance Bancshares Inc. (ABTX) ,ABTX,287970000, 10/30/2015 , Sep 2015 , $n/a , 0 , $0.4 ,n/a
AllianzGI Convertible & Income Fund (NCV) ,NCV,486630000, 10/30/2015 , Aug 2015 , $n/a , 0 , $0.21 ,n/a
Ambev S.A. (ABEV) ,ABEV,76450000000, 10/30/2015 , Sep 2015 , $0.06 , 3 , $0.05 ,-16.67%
American Axle & Manufacturing Holdings Inc. (AXL) ,AXL,1680000000, 10/30/2015 , Sep 2015 , $0.67 , 8 , $0.78 ,16.42%
Anheuser-Busch Inbev SA (BUD) ,BUD,191910000000, 10/30/2015 , Sep 2015 , $1.24 , 3 , $1.02 ,-17.74%
Aon plc (AON) ,AON,26130000000, 10/30/2015 , Sep 2015 , $1.23 , 12 , $1.24 ,0.81%
ArcBest Corporation (ARCB) ,ARCB,671940000, 10/30/2015 , Sep 2015 , $0.79 , 9 , $0.74 ,-6.33%
ASB Bancorp Inc. (ASBB) ,ASBB,112900000, 10/30/2015 , Sep 2015 , $n/a , 0 , $0.28 ,n/a
Athens Bancshares Corporation (AFCB) ,AFCB,54080000, 10/30/2015 , Sep 2015 , $n/a , 0 , $0.47 ,n/a
Banco Bilbao Viscaya Argentaria S.A. (BBVA) ,BBVA,54350000000, 10/30/2015 , Sep 2015 , $n/a , 0 , $-0.2 ,n/a
Bancorp of New Jersey Inc (BKJ) ,BKJ,68770000, 10/30/2015 , Sep 2015 , $n/a , 0 , $0.22 ,n/a
Beasley Broadcast Group Inc. (BBGI) ,BBGI,96460000, 10/30/2015 , Sep 2015 , $n/a , 0 , $0.07 ,n/a
Brink's Company (The) (BCO) ,BCO,1510000000, 10/30/2015 , Sep 2015 , $0.36 , 1 , $0.37 ,2.78%
Buckeye Partners L.P. (BPL) ,BPL,8680000000, 10/30/2015 , Sep 2015 , $0.92 , 6 , $0.78 ,-15.22%
California First National Bancorp (CFNB) ,CFNB,142780000, 10/30/2015 , Sep 2015 , $n/a , 0 , $0.16 ,n/a
Calpine Corporation (CPN) ,CPN,5590000000, 10/30/2015 , Sep 2015 , $0.83 , 3 , $0.97 ,16.87%
Cameco Corporation (CCJ) ,CCJ,5610000000, 10/30/2015 , Sep 2015 , $0.24 , 3 , $0.15 ,-37.5%
Capital Product Partners L.P. (CPLP) ,CPLP,885940000, 10/30/2015 , Sep 2015 , $0.13 , 6 , $0.09 ,-30.77%
CB Financial Services Inc. (CBFV) ,CBFV,87540000, 10/30/2015 , Sep 2015 , $0.54 , 1 , $0.52 ,-3.7%
CBOE Holdings Inc. (CBOE) ,CBOE,5550000000, 10/30/2015 , Sep 2015 , $0.73 , 9 , $0.76 ,4.11%
Cheniere Energy Partners LP Holdings LLC (CQH) ,CQH,4560000000, 10/30/2015 , Sep 2015 , $0.02 , 2 , $0.02 ,0%
Cheniere Energy Partners LP (CQP) ,CQP,9460000000, 10/30/2015 , Sep 2015 , $0.07 , 2 , $-0.06 ,-185.71%
Cheniere Energy Inc. (LNG) ,LNG,11720000000, 10/30/2015 , Sep 2015 , $-0.55 , 3 , $-1.31 ,138.18%
Chevron Corporation (CVX) ,CVX,171010000000, 10/30/2015 , Sep 2015 , $0.79 , 10 , $1.09 ,37.97%
Choice Hotels International Inc. (CHH) ,CHH,3010000000, 10/30/2015 , Sep 2015 , $0.72 , 7 , $0.72 ,0%
Colgate-Palmolive Company (CL) ,CL,59720000000, 10/30/2015 , Sep 2015 , $0.72 , 12 , $0.72 ,0%
Columbus McKinnon Corporation (CMCO) ,CMCO,375030000, 10/30/2015 , Sep 2015 , $0.44 , 2 , $0.4 ,-9.09%
Commerce Union Bancshares Inc. (CUBN) ,CUBN,96760000, 10/30/2015 , Sep 2015 , $n/a , 0 , $0.25 ,n/a
Commonwealth Business Bank (CA) (CWBB) ,CWBB,, 10/30/2015 , Sep 2015 , $n/a , 0 , $0.35 ,n/a
Community Bankers Trust Corporation. (ESXB) ,ESXB,114820000, 10/30/2015 , Sep 2015 , $0.1 , 1 , $-0.35 ,-450%
CommunityOne Bancorp (COB) ,COB,314330000, 10/30/2015 , Sep 2015 , $0.1 , 1 , $0.12 ,20%
CVS Health Corporation (CVS) ,CVS,110090000000, 10/30/2015 , Sep 2015 , $1.29 , 21 , $1.28 ,-0.78%
Digirad Corporation (DRAD) ,DRAD,114590000, 10/30/2015 , Sep 2015 , $0.06 , 1 , $0.08 ,33.33%
Domtar Corporation (UFS) ,UFS,2680000000, 10/30/2015 , Sep 2015 , $0.55 , 7 , $0.86 ,56.36%
Dorian LPG Ltd. (LPG) ,LPG,683920000, 10/30/2015 , Sep 2015 , $0.64 , 2 , $0.83 ,29.69%
Eaton Corporation PLC (ETN) ,ETN,26140000000, 10/30/2015 , Sep 2015 , $0.97 , 7 , $0.97 ,0%
Eldorado Gold Corporation (EGO) ,EGO,2510000000, 10/30/2015 , Sep 2015 , $0 , 7 , $-0.01 ,-∞%
Enbridge Energy Management LLC (EEQ) ,EEQ,1950000000, 10/30/2015 , Sep 2015 , $0.29 , 2 , $-3.91 ,-1448.28%
Exelon Corporation (EXC) ,EXC,24060000000, 10/30/2015 , Sep 2015 , $0.71 , 5 , $0.83 ,16.9%
Exxon Mobil Corporation (XOM) ,XOM,344980000000, 10/30/2015 , Sep 2015 , $0.89 , 10 , $1.01 ,13.48%
Fentura Financial Inc (FETM) ,FETM,, 10/30/2015 , Sep 2015 , $n/a , 0 , $0.39 ,n/a
First Capital Inc. (FCAP) ,FCAP,68150000, 10/30/2015 , Sep 2015 , $n/a , 0 , $0.51 ,n/a
First Reliance Bancshares Inc. (SC) (FSRL) ,FSRL,, 10/30/2015 , Sep 2015 , $n/a , 0 , $0.06 ,n/a
First South Bancorp Inc (FSBK) ,FSBK,76130000, 10/30/2015 , Sep 2015 , $n/a , 0 , $0.13 ,n/a
Genesee & Wyoming Inc. (GWR) ,GWR,3570000000, 10/30/2015 , Sep 2015 , $1.02 , 7 , $1.09 ,6.86%
Grana y Montero S.A.A. (GRAM) ,GRAM,542560000, 10/30/2015 , Sep 2015 , $0.08 , 1 , $-0.08 ,-200%
Greenbrier Companies Inc. (The) (GBX) ,GBX,1120000000, 10/30/2015 , Aug 2015 , $1.8 , 6 , $2.02 ,12.22%
Heartland Payment Systems Inc. (HPY) ,HPY,2720000000, 10/30/2015 , Sep 2015 , $0.69 , 4 , $0.72 ,4.35%
Heat Biologics Inc. (HTBX) ,HTBX,33030000, 10/30/2015 , Sep 2015 , $-0.61 , 2 , $-0.62 ,1.64%
HopFed Bancorp Inc. (HFBC) ,HFBC,82240000, 10/30/2015 , Sep 2015 , $0.09 , 1 , $0.08 ,-11.11%
Howard Bancorp Inc. (HBMD) ,HBMD,81350000, 10/30/2015 , Sep 2015 , $n/a , 0 , $0.2 ,n/a
Hudson Global Inc. (HSON) ,HSON,80090000, 10/30/2015 , Sep 2015 , $-0.15 , 1 , $-0.06 ,-60%
ICICI Bank Limited (IBN) ,IBN,25020000000, 10/30/2015 , Sep 2015 , $n/a , 0 , $0.16 ,n/a
Imperial Oil Limited (IMO) ,IMO,28180000000, 10/30/2015 , Sep 2015 , $0.44 , 2 , $0.43 ,-2.27%
Independence Realty Trust Inc. (IRT) ,IRT,250560000, 10/30/2015 , Sep 2015 , $0.2 , 1 , $0.2 ,0%
InterDigital Inc. (IDCC) ,IDCC,1820000000, 10/30/2015 , Sep 2015 , $0.22 , 2 , $0.68 ,209.09%
International Tower Hill Mines Ltd (THM) ,THM,30070000, 10/30/2015 , Sep 2015 , $n/a , 0 , $-0.01 ,n/a
iRadimed Corporation (IRMD) ,IRMD,292010000, 10/30/2015 , Sep 2015 , $0.16 , 1 , $0.16 ,0%
Iron Mountain Incorporated (IRM) ,IRM,6460000000, 10/30/2015 , Sep 2015 , $0.49 , 3 , $0.55 ,12.24%
ITT Corporation (ITT) ,ITT,3540000000, 10/30/2015 , Sep 2015 , $0.59 , 10 , $0.63 ,6.78%
Jason Industries Inc. (JASN) ,JASN,73890000, 10/30/2015 , Sep 2015 , $-0.06 , 1 , $-0.07 ,16.67%
KCG Holdings Inc. (KCG) ,KCG,1170000000, 10/30/2015 , Sep 2015 , $0.2 , 4 , $0.48 ,140%
KT Corporation (KT) ,KT,6850000000, 10/30/2015 , Sep 2015 , $n/a , 0 , $n/a ,n/a
Legg Mason Inc. (LM) ,LM,4910000000, 10/30/2015 , Sep 2015 , $0.97 , 3 , $0.89 ,-8.25%
LifePoint Health Inc. (LPNT) ,LPNT,3060000000, 10/30/2015 , Sep 2015 , $0.9 , 13 , $0.94 ,4.44%
Lincoln Electric Holdings Inc. (LECO) ,LECO,4470000000, 10/30/2015 , Sep 2015 , $0.89 , 9 , $0.89 ,0%
Mackinac Financial Corporation (MFNC) ,MFNC,64390000, 10/30/2015 , Sep 2015 , $n/a , 0 , $0.16 ,n/a
Malvern Bancorp Inc. (MLVF) ,MLVF,103950000, 10/30/2015 , Sep 2015 , $0.2 , 1 , $0.18 ,-10%
Meta Financial Group Inc. (CASH) ,CASH,299340000, 10/30/2015 , Sep 2015 , $0.7 , 1 , $0.78 ,11.43%
Middleburg Financial Corporation (MBRG) ,MBRG,129729000, 10/30/2015 , Sep 2015 , $0.28 , 1 , $0.32 ,14.29%
Moneygram International Inc. (MGI) ,MGI,538330000, 10/30/2015 , Sep 2015 , $0.17 , 2 , $0.17 ,0%
Monotype Imaging Holdings Inc. (TYPE) ,TYPE,1090000000, 10/30/2015 , Sep 2015 , $0.19 , 2 , $0.24 ,26.32%
Moody's Corporation (MCO) ,MCO,19260000000, 10/30/2015 , Sep 2015 , $1.07 , 6 , $1.11 ,3.74%
Mylan N.V. (MYL) ,MYL,21670000000, 10/30/2015 , Sep 2015 , $1.38 , 4 , $1.43 ,3.62%
Newell Rubbermaid Inc. (NWL) ,NWL,11360000000, 10/30/2015 , Sep 2015 , $0.61 , 13 , $0.62 ,1.64%
Norwood Financial Corp. (NWFL) ,NWFL,105430000, 10/30/2015 , Sep 2015 , $n/a , 0 , $0.48 ,n/a
NTT DOCOMO Inc (DCM) ,DCM,76190000000, 10/30/2015 , Sep 2015 , $n/a , 0 , $0.31 ,n/a
Oppenheimer Holdings Inc. (OPY) ,OPY,252530000, 10/30/2015 , Sep 2015 , $n/a , 0 , $-0.07 ,n/a
Pathfinder Bancorp Inc. (PBHC) ,PBHC,47960000, 10/30/2015 , Sep 2015 , $n/a , 0 , $0.2 ,n/a
Phillips 66 (PSX) ,PSX,47880000000, 10/30/2015 , Sep 2015 , $2.27 , 8 , $3.02 ,33.04%
Phillips 66 Partners LP (PSXP) ,PSXP,4970000000, 10/30/2015 , Sep 2015 , $0.42 , 5 , $0.5 ,19.05%
Pinnacle West Capital Corporation (PNW) ,PNW,7040000000, 10/30/2015 , Sep 2015 , $2.33 , 6 , $2.3 ,-1.29%
PNM Resources Inc. (Holding Co.) (PNM) ,PNM,2240000000, 10/30/2015 , Sep 2015 , $0.74 , 5 , $0.76 ,2.7%
Porter Bancorp Inc. (PBIB) ,PBIB,40440000, 10/30/2015 , Sep 2015 , $n/a , 0 , $-0.04 ,n/a
Progressive Waste Solutions Ltd. (BIN) ,BIN,2630000000, 10/30/2015 , Sep 2015 , $0.3 , 8 , $0.35 ,16.67%
Provident Financial Services Inc (PFS) ,PFS,1330000000, 10/30/2015 , Sep 2015 , $0.35 , 3 , $0.33 ,-5.71%
Public Service Enterprise Group Incorporated (PEG) ,PEG,20890000000, 10/30/2015 , Sep 2015 , $0.79 , 7 , $0.8 ,1.27%
Rhino Resource Partners LP (RNO) ,RNO,23280000, 10/30/2015 , Sep 2015 , $n/a , 0 , $-0.31 ,n/a
Rockwell Collins Inc. (COL) ,COL,11430000000, 10/30/2015 , Sep 2015 , $1.41 , 9 , $1.38 ,-2.13%
Royal Bank Scotland plc (The) (RBS) ,RBS,55570000000, 10/30/2015 , Sep 2015 , $n/a , 0 , $-0.05 ,n/a
Ruth's Hospitality Group Inc. (RUTH) ,RUTH,546130000, 10/30/2015 , Sep 2015 , $0.07 , 4 , $0.07 ,0%
Salisbury Bancorp Inc. (SAL) ,SAL,80570000, 10/30/2015 , Sep 2015 , $n/a , 0 , $0.71 ,n/a
Seagate Technology. (STX) ,STX,11500000000, 10/30/2015 , Sep 2015 , $0.49 , 9 , $0.54 ,10.2%
Semler Scientific Inc. (SMLR) ,SMLR,17390000, 10/30/2015 , Sep 2015 , $-0.21 , 2 , $-0.32 ,52.38%
Shenandoah Telecommunications Co (SHEN) ,SHEN,1130000000, 10/30/2015 , Sep 2015 , $0.41 , 2 , $0.44 ,7.32%
Solazyme Inc. (SZYM) ,SZYM,263030000, 10/30/2015 , Sep 2015 , $n/a , 0 , $-0.42 ,n/a
Southside Bancshares Inc. (SBSI) ,SBSI,682130000, 10/30/2015 , Sep 2015 , $0.5 , 2 , $0.46 ,-8%
STERIS Corporation (STE) ,STE,4480000000, 10/30/2015 , Sep 2015 , $0.76 , 4 , $0.83 ,9.21%
Stillwater Mining Company (SWC) ,SWC,1130000000, 10/30/2015 , Sep 2015 , $-0.04 , 4 , $-0.1 ,150%
Telephone and Data Systems Inc. (TDS) ,TDS,3110000000, 10/30/2015 , Sep 2015 , $-0.06 , 3 , $0.46 ,-866.67%
TFS Financial Corporation (TFSL) ,TFSL,5140000000, 10/30/2015 , Sep 2015 , $0.06 , 2 , $0.08 ,33.33%
The First of Long Island Corporation (FLIC) ,FLIC,389620000, 10/30/2015 , Sep 2015 , $0.47 , 2 , $0.46 ,-2.13%
Tompkins Financial Corporation (TMP) ,TMP,811060000, 10/30/2015 , Sep 2015 , $0.91 , 1 , $0.96 ,5.49%
Tower International Inc. (TOWR) ,TOWR,579800000, 10/30/2015 , Sep 2015 , $0.63 , 3 , $0.67 ,6.35%
TransAlta Corporation (TAC) ,TAC,1300000000, 10/30/2015 , Sep 2015 , $0.06 , 1 , $-0.09 ,-250%
United States Cellular Corporation (USM) ,USM,3440000000, 10/30/2015 , Sep 2015 , $-0.01 , 4 , $0.57 ,-5800%
Ur Energy Inc (URG) ,URG,72910000, 10/30/2015 , Sep 2015 , $0 , 2 , $0 ,�%
Valero Energy Partners LP (VLP) ,VLP,2970000000, 10/30/2015 , Sep 2015 , $0.52 , 6 , $0.51 ,-1.92%
Virtus Investment Partners Inc. (VRTS) ,VRTS,1030000000, 10/30/2015 , Sep 2015 , $1.98 , 3 , $1.74 ,-12.12%
Welltower Inc. (HCN) ,HCN,22830000000, 10/30/2015 , Sep 2015 , $1.1 , 11 , $1.12 ,1.82%
West Bancorporation (WTBA) ,WTBA,317320000, 10/30/2015 , Sep 2015 , $n/a , 0 , $0.34 ,n/a
Weyerhaeuser Company (WY) ,WY,15080000000, 10/30/2015 , Sep 2015 , $0.27 , 8 , $0.35 ,29.63%
WisdomTree Investments Inc. (WETF) ,WETF,2650000000, 10/30/2015 , Sep 2015 , $0.17 , 7 , $0.17 ,0%
